,ip,num_pkts,mean,median,distinct_values,delta
0,100.42.61.226,6,49.0,49.0,[49],0
1,101.0.94.210,7,48.0,48.0,[48],0
2,101.110.206.140,5,49.0,49.0,[49],0
3,101.110.216.97,6,48.0,48.0,[48],0
4,101.99.69.110,7,52.0,52.0,[52],0
5,103.1.185.185,6,51.0,51.0,[51],0
6,103.1.225.210,5,48.0,48.0,[48],0
7,103.10.169.131,6,50.0,50.0,[50],0
8,103.13.120.186,9,47.0,47.0,[47],0
9,103.13.47.9,7,46.0,46.0,[46],0
10,103.14.170.16,5,50.0,50.0,[50],0
11,103.241.131.103,6,45.0,45.0,[45],0
12,103.7.166.10,7,48.0,48.0,[48],0
13,104.171.2.30,6,47.0,47.0,[47],0
14,106.186.116.129,5,51.0,51.0,[51],0
15,106.186.17.4,5,50.0,50.0,[50],0
16,106.186.23.87,5,51.0,51.0,[51],0
17,106.187.102.224,6,50.0,50.0,[50],0
18,106.187.103.250,6,51.0,51.0,[51],0
19,106.187.34.109,5,50.0,50.0,[50],0
20,106.187.38.71,7,51.0,51.0,[51],0
21,106.187.42.144,5,50.0,50.0,[50],0
22,106.187.47.128,5,50.0,50.0,[50],0
23,106.187.48.38,5,50.0,50.0,[50],0
24,106.187.51.120,5,50.0,50.0,[50],0
25,106.187.89.253,5,50.0,50.0,[50],0
26,106.187.97.181,6,50.0,50.0,[50],0
27,107.152.103.5,6,48.0,48.0,[48],0
28,107.170.17.68,6,50.0,50.0,[50],0
29,107.170.21.39,6,50.0,50.0,[50],0
30,107.20.135.81,6,109.0,109.0,[109],0
31,107.20.215.171,6,43.0,43.0,[43],0
32,107.21.216.40,5,42.0,42.0,[42],0
33,107.21.217.100,5,44.0,44.0,[44],0
34,107.22.225.123,7,42.0,42.0,[42],0
35,108.163.253.196,6,50.0,50.0,[50],0
36,108.166.173.247,6,49.0,49.0,[49],0
37,108.166.7.240,7,47.0,47.0,[47],0
38,108.168.215.106,8,49.0,49.0,[49],0
39,108.168.219.162,6,49.0,49.0,[49],0
40,108.168.243.98,6,49.0,49.0,[49],0
41,108.170.14.210,6,49.0,49.0,[49],0
42,108.174.194.237,6,49.0,49.0,[49],0
43,108.174.200.253,7,49.0,49.0,[49],0
44,108.175.158.10,6,49.0,49.0,[49],0
45,108.175.159.106,6,49.0,49.0,[49],0
46,108.175.159.142,6,49.0,49.0,[49],0
47,108.175.159.22,8,49.0,49.0,[49],0
48,108.175.159.34,6,49.0,49.0,[49],0
49,108.175.159.78,6,49.0,49.0,[49],0
50,108.175.209.150,6,53.0,53.0,[53],0
51,108.179.32.51,6,111.0,111.0,[111],0
52,108.59.251.162,6,47.0,47.0,[47],0
53,108.59.251.57,6,47.0,47.0,[47],0
54,108.59.252.206,6,47.0,47.0,[47],0
55,108.60.215.206,6,47.0,47.0,[47],0
56,108.61.6.99,6,49.0,49.0,[49],0
57,109.104.93.177,6,48.0,48.0,[48],0
58,109.108.129.20,7,51.0,51.0,[51],0
59,109.120.165.132,8,47.0,47.0,[47],0
60,109.169.67.83,13,52.0,52.0,[52],0
61,109.203.122.210,5,111.0,111.0,[111],0
62,109.228.28.248,6,45.0,45.0,[45],0
63,109.234.217.2,8,48.0,48.0,[48],0
64,109.74.192.228,5,48.0,48.0,[48],0
65,109.74.193.27,5,48.0,48.0,[48],0
66,109.74.201.93,7,51.0,51.0,[51],0
67,109.74.203.210,5,48.0,48.0,[48],0
68,110.142.177.62,6,45.166666666666664,45.0,[45 46],1
69,110.50.203.63,6,44.0,44.0,[44],0
70,111.118.221.160,6,49.0,49.0,[49],0
71,111.223.120.50,6,48.0,48.0,[48],0
72,111.65.227.116,6,47.0,47.0,[47],0
73,111.68.151.132,5,48.0,48.0,[48],0
74,111.68.186.136,5,48.0,48.0,[48],0
75,111.68.197.140,5,49.0,49.0,[49],0
76,111.68.216.105,5,48.0,48.0,[48],0
77,112.124.15.172,6,44.0,44.0,[44],0
78,112.124.64.129,6,108.0,108.0,[108],0
79,112.154.255.137,5,108.0,108.0,[108],0
80,112.78.125.96,6,45.0,45.0,[45],0
81,113.10.139.194,7,44.0,44.0,[44],0
82,113.192.22.210,6,47.0,47.0,[47],0
83,113.192.41.20,6,48.0,48.0,[48],0
84,114.112.58.131,6,42.0,42.0,[42],0
85,114.32.102.128,7,47.285714285714285,47.0,[47 48],1
86,114.32.114.222,6,46.0,46.0,[46],0
87,115.124.110.53,6,48.0,48.0,[48],0
88,115.146.1.125,7,45.0,45.0,[45],0
89,115.146.1.63,7,44.0,44.0,[44],0
90,115.146.19.190,10,48.0,48.0,[48],0
91,115.28.129.213,6,43.0,43.0,[43],0
92,115.29.179.3,8,108.0,108.0,[108],0
93,115.29.48.149,6,43.0,43.0,[43],0
94,115.71.236.250,5,49.0,49.0,[49],0
95,116.240.202.84,6,44.0,44.0,[44],0
96,117.103.108.47,7,49.0,49.0,[49],0
97,117.58.234.254,7,47.0,47.0,[47],0
98,118.219.233.212,7,42.0,42.0,[42],0
99,118.67.90.188,6,44.0,44.0,[44],0
100,118.97.170.214,6,47.0,47.0,[47],0
101,119.245.176.2,6,49.0,49.0,[49],0
102,119.245.203.2,6,50.0,50.0,[50],0
103,119.245.213.2,6,49.0,49.0,[49],0
104,12.131.0.56,6,109.0,109.0,[109],0
105,12.144.49.165,6,46.0,46.0,[46],0
106,12.151.60.11,6,110.0,110.0,[110],0
107,12.182.11.151,5,111.0,111.0,[111],0
108,12.202.84.234,6,47.0,47.0,[47],0
109,12.219.49.26,7,48.0,48.0,[48],0
110,12.249.80.118,5,108.0,108.0,[108],0
111,120.126.112.18,6,47.0,47.0,[47],0
112,120.136.10.33,7,44.0,44.0,[44],0
113,120.136.10.89,7,45.0,45.0,[45],0
114,120.136.14.55,6,44.0,44.0,[44],0
115,120.29.172.35,9,49.0,49.0,[49],0
116,121.101.177.80,6,50.0,50.0,[50],0
117,121.126.244.150,6,108.0,108.0,[108],0
118,121.199.22.140,6,44.0,44.0,[44],0
119,121.199.42.212,5,44.0,44.0,[44],0
120,121.199.5.176,6,108.0,108.0,[108],0
121,121.8.170.253,5,46.0,46.0,[46],0
122,122.100.6.88,6,49.0,49.0,[49],0
123,122.226.73.143,6,43.0,43.0,[43],0
124,123.176.103.67,6,48.0,48.0,[48],0
125,123.204.49.168,6,43.0,43.0,[43],0
126,123.30.140.240,13,44.53846153846154,45.0,[45 44],1
127,124.110.12.92,7,46.0,46.0,[46],0
128,124.146.200.2,7,48.0,48.0,[48],0
129,125.199.234.173,5,48.0,48.0,[48],0
130,128.112.36.185,5,48.0,48.0,[48],0
131,128.241.49.245,7,49.0,49.0,[49],0
132,128.242.101.150,6,112.0,112.0,[112],0
133,128.36.245.203,7,51.0,51.0,[51],0
134,128.39.102.155,5,42.0,42.0,[42],0
135,128.86.237.11,6,46.0,46.0,[46],0
136,129.121.176.219,6,46.0,46.0,[46],0
137,129.121.177.188,65,44.83076923076923,45.0,[45 44],1
138,129.121.236.87,37,45.0,45.0,[45],0
139,129.25.7.74,6,48.0,48.0,[48],0
140,130.88.204.21,6,114.0,114.0,[114],0
141,130.94.211.92,6,49.0,49.0,[49],0
142,131.103.64.26,6,49.0,49.0,[49],0
143,131.103.68.248,5,49.0,49.0,[49],0
144,131.174.30.80,7,46.0,46.0,[46],0
145,131.216.6.199,5,113.0,113.0,[113],0
146,132.230.132.205,6,47.0,47.0,[47],0
147,132.230.133.207,6,47.0,47.0,[47],0
148,133.242.12.205,6,46.0,46.0,[46],0
149,133.242.145.200,7,45.0,45.0,[45],0
150,133.242.171.175,6,45.0,45.0,[45],0
151,133.242.175.19,6,45.0,45.0,[45],0
152,133.242.176.212,7,45.0,45.0,[45],0
153,133.242.179.49,6,45.0,45.0,[45],0
154,133.242.20.171,9,46.0,46.0,[46],0
155,133.242.99.187,6,44.0,44.0,[44],0
156,133.78.124.50,5,41.0,41.0,[41],0
157,134.0.118.64,6,49.0,49.0,[49],0
158,134.0.8.46,7,48.0,48.0,[48],0
159,134.192.54.173,7,45.0,45.0,[45],0
160,134.59.229.2,6,45.0,45.0,[45],0
161,137.116.248.69,6,44.0,44.0,[44],0
162,137.189.43.36,5,49.0,49.0,[49],0
163,138.91.90.104,7,47.0,47.0,[47],0
164,139.91.151.40,6,49.0,49.0,[49],0
165,14.63.167.194,6,48.0,48.0,[48],0
166,140.247.151.59,5,46.0,46.0,[46],0
167,141.138.136.163,6,47.0,47.0,[47],0
168,141.211.145.156,6,47.0,47.0,[47],0
169,141.85.253.156,6,49.0,49.0,[49],0
170,142.4.14.128,7,48.0,48.0,[48],0
171,142.4.18.79,7,48.0,48.0,[48],0
172,142.4.20.186,1,48.0,48.0,[48],0
173,142.4.29.91,6,48.0,48.0,[48],0
174,142.58.54.45,6,50.0,50.0,[50],0
175,142.91.185.226,6,114.0,114.0,[114],0
176,143.107.223.171,6,47.0,47.0,[47],0
177,143.248.188.2,5,43.0,43.0,[43],0
178,143.248.50.27,6,109.0,109.0,[109],0
179,143.95.1.105,6,44.0,44.0,[44],0
180,144.76.152.73,6,45.0,45.0,[45],0
181,144.76.223.3,5,45.0,45.0,[45],0
182,144.76.237.40,5,45.0,45.0,[45],0
183,145.91.25.74,6,110.0,110.0,[110],0
184,146.185.128.131,7,49.0,49.0,[49],0
185,146.185.167.26,5,50.0,50.0,[50],0
186,146.185.181.217,6,50.0,50.0,[50],0
187,146.247.126.4,6,45.0,45.0,[45],0
188,146.247.66.32,6,42.0,42.0,[42],0
189,147.210.110.40,6,42.0,42.0,[42],0
190,147.47.122.107,6,111.0,111.0,[111],0
191,148.231.140.195,7,50.0,50.0,[50],0
192,148.234.25.3,7,48.0,48.0,[48],0
193,148.247.220.90,5,46.0,46.0,[46],0
194,149.255.109.94,6,46.0,46.0,[46],0
195,150.70.173.8,6,52.0,52.0,[52],0
196,150.70.97.97,7,48.0,48.0,[48],0
197,151.1.182.98,5,46.0,46.0,[46],0
198,151.138.25.70,6,47.0,47.0,[47],0
199,151.236.51.114,6,48.0,48.0,[48],0
200,151.236.51.35,8,48.0,48.0,[48],0
201,151.236.51.75,5,48.0,48.0,[48],0
202,151.236.51.77,5,48.0,48.0,[48],0
203,151.236.51.84,5,48.0,48.0,[48],0
204,151.236.51.98,5,48.0,48.0,[48],0
205,151.248.116.193,6,49.0,49.0,[49],0
206,152.1.227.101,7,46.0,46.0,[46],0
207,152.160.50.3,6,51.0,51.0,[51],0
208,152.74.3.225,6,44.0,44.0,[44],0
209,153.120.7.47,6,45.0,45.0,[45],0
210,153.127.240.107,6,41.0,41.0,[41],0
211,155.210.152.193,8,47.0,47.0,[47],0
212,155.210.4.37,5,49.0,49.0,[49],0
213,157.112.176.15,7,45.0,45.0,[45],0
214,157.112.176.7,7,44.0,44.0,[44],0
215,157.157.99.247,6,46.0,46.0,[46],0
216,157.16.126.38,6,42.0,42.0,[42],0
217,157.205.26.95,6,44.0,44.0,[44],0
218,157.7.140.123,6,48.0,48.0,[48],0
219,157.7.143.23,6,48.0,48.0,[48],0
220,157.7.169.222,5,110.0,110.0,[110],0
221,159.162.36.170,6,45.0,45.0,[45],0
222,159.253.33.162,6,41.0,41.0,[41],0
223,159.253.46.130,5,44.0,44.0,[44],0
224,161.58.0.153,5,49.0,49.0,[49],0
225,161.58.102.193,6,49.0,49.0,[49],0
226,162.13.124.49,7,46.0,46.0,[46],0
227,162.13.85.151,6,46.0,46.0,[46],0
228,162.144.39.53,7,48.0,48.0,[48],0
229,162.144.46.217,7,48.0,48.0,[48],0
230,162.209.127.216,5,113.0,113.0,[113],0
231,162.211.84.131,6,47.0,47.0,[47],0
232,162.216.16.142,5,49.0,49.0,[49],0
233,162.216.16.64,5,49.0,49.0,[49],0
234,162.242.153.205,5,47.0,47.0,[47],0
235,162.242.154.112,5,47.0,47.0,[47],0
236,162.243.114.177,6,50.0,50.0,[50],0
237,162.243.115.109,6,50.0,50.0,[50],0
238,162.243.131.58,6,49.0,49.0,[49],0
239,162.243.15.57,5,50.0,50.0,[50],0
240,162.243.194.97,6,50.0,50.0,[50],0
241,162.243.225.135,5,50.0,50.0,[50],0
242,162.243.239.61,7,50.0,50.0,[50],0
243,162.243.241.245,6,50.0,50.0,[50],0
244,162.243.38.9,5,50.0,50.0,[50],0
245,162.243.49.28,5,50.0,50.0,[50],0
246,162.243.51.136,6,50.0,50.0,[50],0
247,162.243.66.168,6,50.0,50.0,[50],0
248,162.243.92.112,5,50.0,50.0,[50],0
249,162.248.9.220,6,48.0,48.0,[48],0
250,162.253.145.106,6,49.0,49.0,[49],0
251,162.253.224.8,10,48.0,48.0,[48],0
252,162.42.146.10,7,45.0,45.0,[45],0
253,163.247.55.10,7,47.0,47.0,[47],0
254,164.138.216.40,6,47.0,47.0,[47],0
255,164.177.134.192,7,49.0,49.0,[49],0
256,164.177.157.189,6,110.0,110.0,[110],0
257,164.41.56.124,7,45.0,45.0,[45],0
258,164.67.204.103,7,49.0,49.0,[49],0
259,165.230.147.153,6,44.0,44.0,[44],0
260,166.78.11.75,6,47.0,47.0,[47],0
261,166.78.12.208,5,111.0,111.0,[111],0
262,166.78.121.205,6,49.0,49.0,[49],0
263,166.78.123.116,5,112.0,112.0,[112],0
264,166.78.150.254,5,111.0,111.0,[111],0
265,166.78.155.226,5,112.0,112.0,[112],0
266,166.78.177.44,5,111.0,111.0,[111],0
267,166.78.177.47,7,111.0,111.0,[111],0
268,166.78.187.153,5,108.0,108.0,[108],0
269,166.78.25.86,6,48.0,48.0,[48],0
270,166.78.250.178,7,49.0,49.0,[49],0
271,166.78.27.15,6,48.0,48.0,[48],0
272,166.78.61.71,5,112.0,112.0,[112],0
273,168.100.1.5,9,51.0,51.0,[51],0
274,168.143.45.219,6,49.0,49.0,[49],0
275,168.144.92.141,6,48.0,48.0,[48],0
276,168.150.253.101,6,46.0,46.0,[46],0
277,171.65.25.58,6,52.0,52.0,[52],0
278,173.0.60.104,5,48.0,48.0,[48],0
279,173.1.89.242,8,49.0,49.0,[49],0
280,173.13.8.17,7,47.0,47.0,[47],0
281,173.15.29.251,7,112.0,112.0,[112],0
282,173.16.91.254,5,47.0,47.0,[47],0
283,173.193.36.2,5,49.0,49.0,[49],0
284,173.199.128.232,5,49.0,49.0,[49],0
285,173.199.138.120,6,49.0,49.0,[49],0
286,173.199.139.150,6,50.0,50.0,[50],0
287,173.199.164.52,6,50.0,50.0,[50],0
288,173.201.196.10,6,49.0,49.0,[49],0
289,173.201.196.106,27,49.0,49.0,[49],0
290,173.201.196.123,12,49.0,49.0,[49],0
291,173.201.196.182,6,49.0,49.0,[49],0
292,173.201.196.200,6,49.0,49.0,[49],0
293,173.201.196.208,6,49.0,49.0,[49],0
294,173.201.196.209,6,49.0,49.0,[49],0
295,173.201.196.214,6,49.0,49.0,[49],0
296,173.201.196.218,6,49.0,49.0,[49],0
297,173.201.196.222,7,49.0,49.0,[49],0
298,173.201.196.234,6,49.0,49.0,[49],0
299,173.201.196.28,6,49.0,49.0,[49],0
300,173.201.196.29,12,49.0,49.0,[49],0
301,173.201.196.58,6,49.0,49.0,[49],0
302,173.201.196.63,6,49.0,49.0,[49],0
303,173.201.196.64,6,49.0,49.0,[49],0
304,173.201.196.68,12,49.0,49.0,[49],0
305,173.201.196.88,12,49.0,49.0,[49],0
306,173.201.196.98,12,49.0,49.0,[49],0
307,173.201.216.54,6,48.0,48.0,[48],0
308,173.201.216.56,18,48.0,48.0,[48],0
309,173.201.216.58,12,48.0,48.0,[48],0
310,173.201.216.80,6,48.0,48.0,[48],0
311,173.201.216.96,6,48.0,48.0,[48],0
312,173.203.107.88,6,43.0,43.0,[43],0
313,173.214.248.231,6,54.0,54.0,[54],0
314,173.225.21.28,5,54.0,54.0,[54],0
315,173.226.11.8,6,50.833333333333336,51.0,[50 51],1
316,173.230.145.16,10,53.0,53.0,[53],0
317,173.230.154.196,5,53.0,53.0,[53],0
318,173.230.243.117,12,51.0,51.0,[51],0
319,173.231.1.220,6,50.0,50.0,[50],0
320,173.233.67.190,26,48.0,48.0,[48],0
321,173.236.112.70,6,50.0,50.0,[50],0
322,173.239.27.44,6,47.0,47.0,[47],0
323,173.239.96.166,6,49.0,49.0,[49],0
324,173.247.188.50,6,49.0,49.0,[49],0
325,173.247.251.145,6,50.0,50.0,[50],0
326,173.247.255.166,6,50.0,50.0,[50],0
327,173.255.192.111,5,46.0,46.0,[46],0
328,173.255.192.14,5,46.0,46.0,[46],0
329,173.255.209.131,5,53.0,53.0,[53],0
330,173.255.220.54,6,53.0,53.0,[53],0
331,173.255.223.231,5,53.0,53.0,[53],0
332,173.255.228.253,5,49.0,49.0,[49],0
333,173.255.252.89,5,53.0,53.0,[53],0
334,173.44.39.12,6,51.0,51.0,[51],0
335,173.51.177.98,6,110.0,110.0,[110],0
336,173.58.6.193,6,44.0,44.0,[44],0
337,173.71.130.36,6,46.0,46.0,[46],0
338,173.78.224.242,12,45.0,45.0,[45],0
339,174.122.119.130,6,47.0,47.0,[47],0
340,174.127.120.73,6,50.0,50.0,[50],0
341,174.138.171.74,5,50.0,50.0,[50],0
342,174.139.86.82,5,51.0,51.0,[51],0
343,174.141.10.214,6,53.0,53.0,[53],0
344,174.143.223.174,6,46.0,46.0,[46],0
345,174.34.140.216,6,114.0,114.0,[114],0
346,174.36.218.26,40,52.0,52.0,[52],0
347,174.37.214.74,6,52.0,52.0,[52],0
348,175.107.131.9,6,82.0,50.0,[242  50],192
349,175.107.134.209,7,51.0,51.0,[51],0
350,175.45.136.249,6,48.0,48.0,[48],0
351,176.223.120.180,6,45.0,45.0,[45],0
352,176.223.120.20,11,45.0,45.0,[45],0
353,176.223.120.80,12,45.0,45.0,[45],0
354,176.223.126.213,6,45.0,45.0,[45],0
355,176.223.127.139,6,45.0,45.0,[45],0
356,176.28.12.59,9,49.0,49.0,[49],0
357,176.28.14.214,6,48.0,48.0,[48],0
358,176.53.18.40,5,49.0,49.0,[49],0
359,176.53.24.98,6,49.0,49.0,[49],0
360,176.53.63.82,5,46.0,46.0,[46],0
361,176.58.88.229,7,45.0,45.0,[45],0
362,176.62.199.185,6,45.0,45.0,[45],0
363,176.67.160.104,5,46.0,46.0,[46],0
364,176.74.192.131,6,48.0,48.0,[48],0
365,176.9.112.234,5,45.0,45.0,[45],0
366,176.9.156.13,6,45.0,45.0,[45],0
367,176.9.199.40,5,44.0,44.0,[44],0
368,176.9.2.121,5,45.0,45.0,[45],0
369,176.9.28.81,6,45.0,45.0,[45],0
370,177.10.201.64,6,48.0,48.0,[48],0
371,177.11.254.2,7,47.0,47.0,[47],0
372,177.12.169.33,6,45.0,45.0,[45],0
373,177.12.169.51,6,45.0,45.0,[45],0
374,177.47.21.108,7,44.0,44.0,[44],0
375,178.162.199.198,6,49.0,49.0,[49],0
376,178.18.126.229,6,45.0,45.0,[45],0
377,178.18.132.42,6,46.0,46.0,[46],0
378,178.208.85.223,8,50.0,50.0,[50],0
379,178.21.117.46,7,47.0,47.0,[47],0
380,178.21.130.108,5,109.0,109.0,[109],0
381,178.211.240.196,6,45.0,45.0,[45],0
382,178.216.201.75,6,52.0,52.0,[52],0
383,178.218.164.110,5,47.0,47.0,[47],0
384,178.218.212.160,6,50.0,50.0,[50],0
385,178.22.58.220,6,49.0,49.0,[49],0
386,178.250.113.210,6,53.0,53.0,[53],0
387,178.254.9.115,6,46.0,46.0,[46],0
388,178.255.41.8,7,48.0,48.0,[48],0
389,178.77.125.18,6,49.0,49.0,[49],0
390,178.77.79.118,7,48.0,48.0,[48],0
391,178.79.150.117,6,51.0,51.0,[51],0
392,178.79.163.243,6,51.0,51.0,[51],0
393,18.85.52.3,6,50.0,50.0,[50],0
394,180.210.243.7,6,50.0,50.0,[50],0
395,180.222.82.186,14,43.5,43.5,[43 44],1
396,180.250.78.141,6,47.0,47.0,[47],0
397,180.37.182.13,8,47.0,47.0,[47],0
398,180.43.189.165,1,45.0,45.0,[45],0
399,181.112.155.165,7,41.0,41.0,[41],0
400,182.160.128.169,6,51.0,51.0,[51],0
401,182.160.155.38,6,51.0,51.0,[51],0
402,182.163.74.64,7,49.0,49.0,[49],0
403,182.163.88.14,7,49.0,49.0,[49],0
404,182.239.42.7,6,44.0,44.0,[44],0
405,182.48.21.29,6,46.0,46.0,[46],0
406,182.48.26.52,6,45.0,45.0,[45],0
407,182.48.37.5,6,44.0,44.0,[44],0
408,182.48.38.74,15,45.0,45.0,[45],0
409,182.48.45.17,6,46.0,46.0,[46],0
410,182.50.130.122,6,46.0,46.0,[46],0
411,182.50.130.146,7,46.0,46.0,[46],0
412,182.50.130.199,6,46.0,46.0,[46],0
413,182.50.130.206,8,46.0,46.0,[46],0
414,182.50.130.216,6,46.0,46.0,[46],0
415,182.50.130.29,6,46.0,46.0,[46],0
416,182.50.130.60,12,46.0,46.0,[46],0
417,182.50.130.66,6,110.0,110.0,[110],0
418,184.105.148.221,6,52.0,52.0,[52],0
419,184.105.178.164,6,53.0,53.0,[53],0
420,184.105.210.2,5,53.0,53.0,[53],0
421,184.106.136.235,7,48.0,48.0,[48],0
422,184.106.16.81,7,43.0,43.0,[43],0
423,184.106.160.100,6,113.0,113.0,[113],0
424,184.106.165.130,6,49.0,49.0,[49],0
425,184.106.180.213,7,43.0,43.0,[43],0
426,184.106.209.158,6,43.0,43.0,[43],0
427,184.106.56.120,6,49.0,49.0,[49],0
428,184.106.71.219,7,49.0,49.0,[49],0
429,184.107.141.50,6,47.0,47.0,[47],0
430,184.107.252.170,6,48.0,48.0,[48],0
431,184.107.41.148,7,47.0,47.0,[47],0
432,184.107.73.206,6,48.0,48.0,[48],0
433,184.149.133.69,6,49.0,49.0,[49],0
434,184.154.53.74,5,50.0,50.0,[50],0
435,184.154.74.2,6,50.0,50.0,[50],0
436,184.154.82.10,6,50.0,50.0,[50],0
437,184.164.129.82,6,50.0,50.0,[50],0
438,184.164.148.234,7,49.0,49.0,[49],0
439,184.172.108.2,6,49.0,49.0,[49],0
440,184.172.219.18,6,48.0,48.0,[48],0
441,184.172.53.194,12,49.0,49.0,[49],0
442,184.173.107.4,5,49.0,49.0,[49],0
443,184.173.228.3,6,49.0,49.0,[49],0
444,184.173.77.3,6,49.0,49.0,[49],0
445,184.186.212.226,5,114.0,114.0,[114],0
446,184.2.41.253,5,104.0,104.0,[104],0
447,184.73.255.37,6,45.0,45.0,[45],0
448,184.75.58.226,7,46.0,46.0,[46],0
449,184.95.33.122,5,50.0,50.0,[50],0
450,185.12.92.53,6,45.0,45.0,[45],0
451,185.14.186.241,6,49.0,49.0,[49],0
452,185.19.92.211,7,40.0,40.0,[40],0
453,185.2.101.113,5,116.0,116.0,[116],0
454,185.5.99.78,6,50.0,50.0,[50],0
455,185.7.63.23,6,42.0,42.0,[42],0
456,186.120.98.158,6,46.0,46.0,[46],0
457,186.202.120.6,8,42.0,42.0,[42],0
458,186.202.95.66,6,106.0,106.0,[106],0
459,186.250.64.211,6,43.0,43.0,[43],0
460,186.46.90.194,7,41.0,41.0,[41],0
461,187.1.81.28,6,47.0,47.0,[47],0
462,188.120.76.194,6,47.0,47.0,[47],0
463,188.132.147.23,9,42.0,42.0,[42],0
464,188.132.180.106,5,42.0,42.0,[42],0
465,188.132.180.81,20,44.1,45.0,[45 42],3
466,188.132.226.50,6,40.0,40.0,[40],0
467,188.132.244.3,5,42.0,42.0,[42],0
468,188.138.56.224,6,48.0,48.0,[48],0
469,188.138.84.239,8,48.0,48.0,[48],0
470,188.142.19.99,6,43.0,43.0,[43],0
471,188.226.128.156,5,47.0,47.0,[47],0
472,188.227.178.170,6,46.0,46.0,[46],0
473,188.240.48.6,6,47.0,47.0,[47],0
474,188.241.222.8,6,47.0,47.0,[47],0
475,188.241.222.84,5,47.0,47.0,[47],0
476,188.40.102.228,5,109.0,109.0,[109],0
477,188.40.235.8,6,45.0,45.0,[45],0
478,188.40.253.147,6,45.0,45.0,[45],0
479,188.65.118.156,6,49.0,49.0,[49],0
480,188.73.128.22,6,42.0,42.0,[42],0
481,189.203.215.144,7,107.0,107.0,[107],0
482,189.38.80.190,7,44.0,44.0,[44],0
483,189.38.80.51,6,43.0,43.0,[43],0
484,190.111.216.254,5,45.0,45.0,[45],0
485,190.15.177.250,6,42.0,42.0,[42],0
486,190.196.5.222,10,45.0,45.0,[45],0
487,190.210.162.100,6,43.0,43.0,[43],0
488,190.5.195.106,8,42.0,42.0,[42],0
489,190.52.179.15,6,45.0,45.0,[45],0
490,192.102.6.81,6,45.0,45.0,[45],0
491,192.119.122.226,5,49.0,49.0,[49],0
492,192.119.245.146,7,46.0,46.0,[46],0
493,192.138.20.212,6,50.0,50.0,[50],0
494,192.155.80.147,5,53.0,53.0,[53],0
495,192.163.211.68,10,48.0,48.0,[48],0
496,192.163.227.34,6,48.0,48.0,[48],0
497,192.163.245.120,6,48.0,48.0,[48],0
498,192.166.218.84,6,46.0,46.0,[46],0
499,192.187.121.226,5,48.0,48.0,[48],0
500,192.190.80.12,6,46.0,46.0,[46],0
501,192.190.84.37,7,52.0,52.0,[52],0
502,192.196.158.35,6,51.0,51.0,[51],0
503,192.210.139.246,6,46.0,46.0,[46],0
504,192.210.195.42,6,50.0,50.0,[50],0
505,192.220.72.171,6,49.0,49.0,[49],0
506,192.220.72.90,5,49.0,49.0,[49],0
507,192.228.101.152,7,47.0,47.0,[47],0
508,192.228.101.32,9,47.0,47.0,[47],0
509,192.232.195.111,6,46.0,46.0,[46],0
510,192.232.204.151,6,46.0,46.0,[46],0
511,192.232.247.21,6,46.0,46.0,[46],0
512,192.237.168.77,6,49.0,49.0,[49],0
513,192.240.162.27,6,46.0,46.0,[46],0
514,192.240.164.217,6,45.0,45.0,[45],0
515,192.240.174.52,6,45.0,45.0,[45],0
516,192.241.117.64,6,47.0,47.0,[47],0
517,192.241.130.92,6,51.0,51.0,[51],0
518,192.241.160.34,5,50.0,50.0,[50],0
519,192.241.181.109,6,50.0,50.0,[50],0
520,192.241.181.21,7,50.0,50.0,[50],0
521,192.241.199.171,7,49.0,49.0,[49],0
522,192.241.212.43,5,49.0,49.0,[49],0
523,192.241.233.87,5,49.0,49.0,[49],0
524,192.249.58.115,8,49.0,49.0,[49],0
525,192.249.58.44,5,49.0,49.0,[49],0
526,192.254.140.3,6,46.0,46.0,[46],0
527,192.254.151.201,7,46.0,46.0,[46],0
528,192.254.197.242,6,46.0,46.0,[46],0
529,192.254.213.224,6,46.0,46.0,[46],0
530,192.254.216.107,6,46.0,46.0,[46],0
531,192.3.6.18,6,49.0,49.0,[49],0
532,192.34.60.191,5,51.0,51.0,[51],0
533,192.34.67.30,7,49.0,49.0,[49],0
534,192.64.86.84,7,47.0,47.0,[47],0
535,192.73.238.220,7,49.0,49.0,[49],0
536,192.74.235.225,12,50.5,50.5,[50 51],1
537,192.81.215.199,5,51.0,51.0,[51],0
538,192.95.31.89,5,50.0,50.0,[50],0
539,192.96.209.164,6,51.0,51.0,[51],0
540,193.0.213.31,8,47.0,47.0,[47],0
541,193.105.109.75,7,48.0,48.0,[48],0
542,193.105.109.82,7,48.0,48.0,[48],0
543,193.111.141.212,6,44.0,44.0,[44],0
544,193.164.132.80,5,52.0,52.0,[52],0
545,193.164.138.141,6,48.0,48.0,[48],0
546,193.178.119.59,6,46.0,46.0,[46],0
547,193.180.115.103,25,45.0,45.0,[45],0
548,193.180.115.97,27,46.0,46.0,[46],0
549,193.180.178.127,6,45.0,45.0,[45],0
550,193.189.141.26,6,48.0,48.0,[48],0
551,193.192.100.145,6,43.0,43.0,[43],0
552,193.200.93.206,6,42.0,42.0,[42],0
553,193.204.29.252,6,47.0,47.0,[47],0
554,193.238.16.34,6,47.0,47.0,[47],0
555,193.28.146.36,6,50.0,50.0,[50],0
556,194.109.192.252,5,110.0,110.0,[110],0
557,194.116.4.55,5,50.0,50.0,[50],0
558,194.122.136.10,7,49.0,49.0,[49],0
559,194.145.202.5,18,46.0,46.0,[46],0
560,194.168.159.78,6,43.0,43.0,[43],0
561,194.17.202.155,7,49.0,49.0,[49],0
562,194.181.134.85,5,108.0,108.0,[108],0
563,194.29.153.16,6,49.0,49.0,[49],0
564,195.116.105.225,6,48.0,48.0,[48],0
565,195.120.145.201,6,108.0,108.0,[108],0
566,195.154.14.67,6,49.0,49.0,[49],0
567,195.159.176.158,6,51.0,51.0,[51],0
568,195.177.105.124,7,48.0,48.0,[48],0
569,195.190.13.34,6,47.0,47.0,[47],0
570,195.20.202.130,9,46.0,46.0,[46],0
571,195.216.196.14,5,51.0,51.0,[51],0
572,195.222.141.141,6,39.0,39.0,[39],0
573,195.230.2.134,6,46.0,46.0,[46],0
574,195.37.106.251,7,43.0,43.0,[43],0
575,195.64.174.10,8,46.0,46.0,[46],0
576,195.66.10.146,7,43.142857142857146,43.0,[43 44],1
577,195.7.18.142,7,46.0,46.0,[46],0
578,195.95.229.210,6,41.0,41.0,[41],0
579,198.1.100.194,6,48.0,48.0,[48],0
580,198.1.123.141,6,48.0,48.0,[48],0
581,198.1.71.208,6,48.0,48.0,[48],0
582,198.1.74.27,6,48.0,48.0,[48],0
583,198.1.99.2,6,48.0,48.0,[48],0
584,198.1.99.39,6,48.0,48.0,[48],0
585,198.100.144.191,6,50.0,50.0,[50],0
586,198.101.239.88,6,44.0,44.0,[44],0
587,198.104.14.90,6,49.0,49.0,[49],0
588,198.104.189.137,6,49.0,49.0,[49],0
589,198.104.28.245,6,49.0,49.0,[49],0
590,198.104.3.39,6,49.0,49.0,[49],0
591,198.104.30.62,6,49.0,49.0,[49],0
592,198.104.37.59,5,49.0,49.0,[49],0
593,198.104.39.103,8,49.0,49.0,[49],0
594,198.104.60.69,5,49.0,49.0,[49],0
595,198.105.211.179,7,50.0,50.0,[50],0
596,198.105.213.76,5,50.0,50.0,[50],0
597,198.105.218.116,6,50.0,50.0,[50],0
598,198.106.191.54,7,49.0,49.0,[49],0
599,198.106.26.115,6,113.0,113.0,[113],0
600,198.143.157.98,6,49.0,49.0,[49],0
601,198.144.229.11,10,47.0,47.0,[47],0
602,198.15.122.18,5,49.0,49.0,[49],0
603,198.154.103.34,6,47.0,47.0,[47],0
604,198.154.192.122,6,46.0,46.0,[46],0
605,198.154.192.30,6,46.0,46.0,[46],0
606,198.154.210.89,6,46.0,46.0,[46],0
607,198.154.224.188,7,48.0,48.0,[48],0
608,198.154.225.239,12,48.0,48.0,[48],0
609,198.154.225.51,6,48.0,48.0,[48],0
610,198.154.228.208,6,48.0,48.0,[48],0
611,198.154.246.45,7,48.0,48.0,[48],0
612,198.170.104.44,6,49.0,49.0,[49],0
613,198.171.110.110,5,49.0,49.0,[49],0
614,198.171.171.102,6,49.0,49.0,[49],0
615,198.171.202.116,6,49.0,49.0,[49],0
616,198.171.56.183,5,49.0,49.0,[49],0
617,198.171.70.76,6,49.0,49.0,[49],0
618,198.178.126.232,5,50.0,50.0,[50],0
619,198.199.102.52,9,49.0,49.0,[49],0
620,198.199.111.235,5,49.0,49.0,[49],0
621,198.199.111.239,7,49.0,49.0,[49],0
622,198.199.114.171,6,49.0,49.0,[49],0
623,198.199.92.24,6,49.0,49.0,[49],0
624,198.199.95.152,5,49.0,49.0,[49],0
625,198.199.96.155,9,49.0,49.0,[49],0
626,198.2.204.225,6,50.0,50.0,[50],0
627,198.20.231.191,6,46.0,46.0,[46],0
628,198.202.31.141,5,53.0,53.0,[53],0
629,198.204.228.82,5,48.0,48.0,[48],0
630,198.206.133.52,6,46.0,46.0,[46],0
631,198.211.20.138,7,52.0,52.0,[52],0
632,198.24.129.234,7,49.0,49.0,[49],0
633,198.27.68.198,5,50.0,50.0,[50],0
634,198.27.74.220,10,50.0,50.0,[50],0
635,198.38.83.28,6,111.0,111.0,[111],0
636,198.46.136.108,6,50.0,50.0,[50],0
637,198.46.149.171,6,45.0,45.0,[45],0
638,198.46.157.186,7,48.0,48.0,[48],0
639,198.57.157.140,6,46.0,46.0,[46],0
640,198.57.168.221,7,48.0,48.0,[48],0
641,198.57.169.201,6,48.0,48.0,[48],0
642,198.57.176.217,6,48.0,48.0,[48],0
643,198.57.189.10,7,48.0,48.0,[48],0
644,198.57.192.170,6,48.0,48.0,[48],0
645,198.57.194.238,6,48.0,48.0,[48],0
646,198.57.213.254,6,48.0,48.0,[48],0
647,198.57.254.122,6,46.0,46.0,[46],0
648,198.60.81.103,6,54.0,54.0,[54],0
649,198.61.171.44,6,43.0,43.0,[43],0
650,198.61.200.238,6,112.0,112.0,[112],0
651,198.61.221.217,6,48.0,48.0,[48],0
652,198.61.229.89,5,112.0,112.0,[112],0
653,198.61.234.161,6,43.0,43.0,[43],0
654,198.61.238.171,5,113.0,113.0,[113],0
655,198.61.244.240,6,48.0,48.0,[48],0
656,198.63.32.250,5,49.0,49.0,[49],0
657,198.64.129.114,13,49.0,49.0,[49],0
658,198.66.226.54,5,49.0,49.0,[49],0
659,198.71.78.237,6,48.0,48.0,[48],0
660,198.71.78.97,8,48.0,48.0,[48],0
661,198.74.56.47,5,49.0,49.0,[49],0
662,198.74.96.66,6,50.0,50.0,[50],0
663,198.8.90.62,6,47.0,47.0,[47],0
664,198.89.123.22,6,52.0,52.0,[52],0
665,198.91.30.100,6,49.0,49.0,[49],0
666,198.98.49.146,6,48.0,48.0,[48],0
667,199.167.128.13,6,44.0,44.0,[44],0
668,199.167.150.155,6,50.0,50.0,[50],0
669,199.180.253.176,7,49.0,49.0,[49],0
670,199.193.252.69,6,47.0,47.0,[47],0
671,199.195.118.194,6,43.0,43.0,[43],0
672,199.195.198.124,6,50.0,50.0,[50],0
673,199.195.252.37,6,48.0,48.0,[48],0
674,199.204.215.24,6,50.0,50.0,[50],0
675,199.204.215.36,6,50.0,50.0,[50],0
676,199.216.240.60,5,50.0,50.0,[50],0
677,199.217.117.216,8,47.0,47.0,[47],0
678,199.231.187.240,6,49.0,49.0,[49],0
679,199.236.96.191,5,49.0,49.0,[49],0
680,199.238.186.196,6,49.0,49.0,[49],0
681,199.242.204.120,6,49.0,49.0,[49],0
682,199.30.93.164,7,50.0,50.0,[50],0
683,199.38.114.214,6,50.0,50.0,[50],0
684,199.4.150.172,6,52.0,52.0,[52],0
685,199.59.58.149,9,49.0,49.0,[49],0
686,199.66.150.2,6,48.0,48.0,[48],0
687,199.66.225.6,6,52.0,52.0,[52],0
688,199.66.82.56,6,115.0,115.0,[115],0
689,199.80.56.147,7,50.0,50.0,[50],0
690,199.91.126.193,6,50.0,50.0,[50],0
691,199.96.156.73,6,49.0,49.0,[49],0
692,200.10.65.94,6,43.833333333333336,44.0,[43 44],1
693,200.107.4.107,6,43.0,43.0,[43],0
694,200.11.241.244,7,46.0,46.0,[46],0
695,200.110.42.66,6,36.0,36.0,[36],0
696,200.112.216.253,6,41.0,41.0,[41],0
697,200.129.205.36,7,42.0,42.0,[42],0
698,200.159.41.81,7,45.0,45.0,[45],0
699,200.170.208.115,6,39.0,39.0,[39],0
700,200.189.221.163,7,42.0,42.0,[42],0
701,200.195.146.82,6,45.0,45.0,[45],0
702,200.215.219.7,7,39.0,39.0,[39],0
703,200.241.127.66,6,45.0,45.0,[45],0
704,200.27.70.2,5,41.0,41.0,[41],0
705,200.54.121.155,8,43.0,43.0,[43],0
706,200.58.122.90,7,46.0,46.0,[46],0
707,200.68.81.124,6,106.0,106.0,[106],0
708,200.75.25.83,7,49.0,49.0,[49],0
709,201.147.64.162,10,46.0,46.0,[46],0
710,201.150.37.26,6,46.0,46.0,[46],0
711,201.236.103.198,6,43.0,43.0,[43],0
712,201.62.240.230,6,45.0,45.0,[45],0
713,202.157.182.77,6,49.0,49.0,[49],0
714,202.159.37.10,6,45.0,45.0,[45],0
715,202.218.49.12,5,45.0,45.0,[45],0
716,202.218.50.200,7,45.0,45.0,[45],0
717,202.237.149.63,6,49.0,49.0,[49],0
718,202.4.227.215,7,48.0,48.0,[48],0
719,202.51.149.36,6,43.0,43.0,[43],0
720,202.69.236.126,6,49.0,49.0,[49],0
721,202.74.0.48,6,45.833333333333336,46.0,[45 46],1
722,202.92.83.61,7,48.0,48.0,[48],0
723,203.127.202.64,6,109.0,109.0,[109],0
724,203.137.13.1,7,45.0,45.0,[45],0
725,203.137.13.129,7,45.0,45.0,[45],0
726,203.137.16.65,5,45.0,45.0,[45],0
727,203.137.27.65,5,45.0,45.0,[45],0
728,203.137.51.65,5,45.0,45.0,[45],0
729,203.137.6.65,5,45.0,45.0,[45],0
730,203.138.19.2,6,49.0,49.0,[49],0
731,203.145.238.147,5,45.0,45.0,[45],0
732,203.145.247.65,7,45.0,45.0,[45],0
733,203.158.253.197,6,47.0,47.0,[47],0
734,203.183.39.193,6,46.0,46.0,[46],0
735,203.189.38.76,6,47.0,47.0,[47],0
736,203.189.88.29,6,46.0,46.0,[46],0
737,203.201.220.221,6,43.0,43.0,[43],0
738,203.211.161.254,6,47.0,47.0,[47],0
739,203.211.200.134,6,46.0,46.0,[46],0
740,203.211.211.254,5,47.0,47.0,[47],0
741,203.255.186.156,6,45.0,45.0,[45],0
742,204.10.216.109,6,107.0,107.0,[107],0
743,204.107.128.42,6,47.0,47.0,[47],0
744,204.12.60.145,7,49.0,49.0,[49],0
745,204.126.2.108,6,45.833333333333336,46.0,[45 46],1
746,204.15.241.97,6,50.0,50.0,[50],0
747,204.15.34.3,15,49.0,49.0,[49],0
748,204.184.39.244,7,47.0,47.0,[47],0
749,204.186.110.162,5,52.0,52.0,[52],0
750,204.197.246.107,6,47.0,47.0,[47],0
751,204.197.246.140,6,46.0,46.0,[46],0
752,204.197.248.103,6,46.0,46.0,[46],0
753,204.197.254.33,15,52.0,52.0,[52],0
754,204.2.119.153,8,49.0,49.0,[49],0
755,204.227.173.102,6,48.0,48.0,[48],0
756,204.42.150.11,7,49.0,49.0,[49],0
757,204.45.58.82,6,48.0,48.0,[48],0
758,204.73.91.4,6,44.0,44.0,[44],0
759,204.92.123.108,6,48.0,48.0,[48],0
760,205.178.136.144,6,51.0,51.0,[51],0
761,205.178.144.176,6,50.0,50.0,[50],0
762,205.186.130.114,6,41.0,41.0,[41],0
763,205.186.130.138,5,42.0,42.0,[42],0
764,205.186.130.201,6,41.0,41.0,[41],0
765,205.186.131.14,6,41.0,41.0,[41],0
766,205.186.131.15,6,42.0,42.0,[42],0
767,205.186.133.195,7,42.0,42.0,[42],0
768,205.186.134.27,6,42.0,42.0,[42],0
769,205.186.135.68,8,42.0,42.0,[42],0
770,205.186.136.174,6,42.0,42.0,[42],0
771,205.186.136.246,5,42.0,42.0,[42],0
772,205.186.139.105,5,43.0,43.0,[43],0
773,205.186.139.113,7,42.0,42.0,[42],0
774,205.186.139.35,6,42.0,42.0,[42],0
775,205.186.140.188,8,42.0,42.0,[42],0
776,205.186.141.158,6,42.0,42.0,[42],0
777,205.186.142.174,6,42.0,42.0,[42],0
778,205.186.144.80,6,42.0,42.0,[42],0
779,205.186.145.137,6,41.0,41.0,[41],0
780,205.186.146.218,10,41.5,41.5,[42 41],1
781,205.186.149.241,6,42.0,42.0,[42],0
782,205.186.150.237,9,41.0,41.0,[41],0
783,205.186.152.20,6,42.0,42.0,[42],0
784,205.186.152.39,5,43.0,43.0,[43],0
785,205.186.154.55,6,42.0,42.0,[42],0
786,205.186.159.61,6,43.0,43.0,[43],0
787,205.186.161.197,6,41.0,41.0,[41],0
788,205.186.162.128,6,41.0,41.0,[41],0
789,205.186.165.93,6,42.0,42.0,[42],0
790,205.186.167.183,6,41.0,41.0,[41],0
791,205.186.167.191,6,41.0,41.0,[41],0
792,205.212.176.190,6,49.0,49.0,[49],0
793,205.237.195.253,5,49.0,49.0,[49],0
794,206.123.101.150,6,51.0,51.0,[51],0
795,206.130.100.1,6,49.0,49.0,[49],0
796,206.130.109.191,6,49.0,49.0,[49],0
797,206.130.119.193,6,49.0,49.0,[49],0
798,206.169.80.123,6,50.0,50.0,[50],0
799,206.190.129.124,8,50.0,50.0,[50],0
800,206.190.135.164,8,50.0,50.0,[50],0
801,206.191.160.103,5,113.0,113.0,[113],0
802,206.196.99.21,6,51.0,51.0,[51],0
803,206.212.244.226,12,52.0,52.0,[52],0
804,206.212.247.18,5,52.0,52.0,[52],0
805,206.212.249.18,18,52.0,52.0,[52],0
806,206.214.211.47,6,50.0,50.0,[50],0
807,206.252.145.85,5,109.0,109.0,[109],0
808,206.72.202.56,6,47.0,47.0,[47],0
809,207.140.115.15,6,46.0,46.0,[46],0
810,207.198.105.88,8,50.0,50.0,[50],0
811,207.198.119.107,5,46.0,46.0,[46],0
812,207.198.120.76,5,51.0,51.0,[51],0
813,207.198.124.92,6,50.0,50.0,[50],0
814,207.198.96.230,6,46.0,46.0,[46],0
815,207.250.176.62,7,48.857142857142854,49.0,[48 49],1
816,207.254.212.250,8,46.0,46.0,[46],0
817,207.32.185.193,6,46.0,46.0,[46],0
818,207.45.187.10,6,51.0,51.0,[51],0
819,207.45.187.82,8,51.0,51.0,[51],0
820,207.57.121.7,5,49.0,49.0,[49],0
821,207.57.125.229,5,49.0,49.0,[49],0
822,207.58.131.190,5,54.0,54.0,[54],0
823,207.58.135.223,9,54.0,54.0,[54],0
824,207.58.138.183,6,49.0,49.0,[49],0
825,207.58.152.191,6,49.0,49.0,[49],0
826,207.58.184.214,6,54.0,54.0,[54],0
827,207.61.138.190,5,113.0,113.0,[113],0
828,207.7.84.17,6,47.0,47.0,[47],0
829,207.7.86.19,6,47.0,47.0,[47],0
830,207.87.182.66,6,46.0,46.0,[46],0
831,207.97.231.29,6,113.0,113.0,[113],0
832,208.100.22.34,7,47.0,47.0,[47],0
833,208.100.26.198,7,48.0,48.0,[48],0
834,208.105.154.194,7,112.28571428571429,112.0,[112 113],1
835,208.112.68.235,24,47.75,48.0,[49 48 46],3
836,208.113.147.79,6,50.0,50.0,[50],0
837,208.113.153.222,6,48.0,48.0,[48],0
838,208.113.160.4,6,47.0,47.0,[47],0
839,208.113.163.178,5,47.0,47.0,[47],0
840,208.113.170.11,6,47.0,47.0,[47],0
841,208.113.171.192,7,48.0,48.0,[48],0
842,208.113.197.205,6,48.0,48.0,[48],0
843,208.113.198.148,5,47.0,47.0,[47],0
844,208.113.217.170,7,47.0,47.0,[47],0
845,208.113.217.88,6,47.0,47.0,[47],0
846,208.113.231.87,6,50.0,50.0,[50],0
847,208.113.233.48,6,50.0,50.0,[50],0
848,208.113.241.135,6,50.0,50.0,[50],0
849,208.113.241.179,7,50.0,50.0,[50],0
850,208.113.241.85,6,50.0,50.0,[50],0
851,208.115.101.5,6,52.0,52.0,[52],0
852,208.115.227.194,6,47.0,47.0,[47],0
853,208.115.56.130,6,115.0,115.0,[115],0
854,208.117.6.20,7,48.0,48.0,[48],0
855,208.131.128.167,6,49.0,49.0,[49],0
856,208.131.128.201,6,49.0,49.0,[49],0
857,208.131.128.204,7,49.0,49.0,[49],0
858,208.131.129.32,6,49.0,49.0,[49],0
859,208.131.129.81,6,49.0,49.0,[49],0
860,208.131.132.138,7,49.0,49.0,[49],0
861,208.131.133.204,6,49.0,49.0,[49],0
862,208.131.137.129,6,49.0,49.0,[49],0
863,208.131.139.92,6,49.0,49.0,[49],0
864,208.131.142.246,8,49.0,49.0,[49],0
865,208.131.143.30,6,49.0,49.0,[49],0
866,208.131.152.151,6,49.0,49.0,[49],0
867,208.131.153.106,6,49.0,49.0,[49],0
868,208.139.138.138,5,110.0,110.0,[110],0
869,208.167.229.244,6,49.0,49.0,[49],0
870,208.229.146.32,7,49.0,49.0,[49],0
871,208.234.49.170,6,44.0,44.0,[44],0
872,208.38.180.113,6,45.0,45.0,[45],0
873,208.42.195.229,5,108.0,108.0,[108],0
874,208.53.10.2,6,51.0,51.0,[51],0
875,208.64.127.141,5,48.0,48.0,[48],0
876,208.64.160.114,6,42.0,42.0,[42],0
877,208.66.93.71,6,79.0,47.0,[ 47 239],192
878,208.67.8.74,6,52.0,52.0,[52],0
879,208.68.13.52,6,114.0,114.0,[114],0
880,208.69.42.196,4,50.0,50.0,[50],0
881,208.73.143.27,6,46.0,46.0,[46],0
882,208.74.120.12,5,50.0,50.0,[50],0
883,208.75.148.61,6,50.0,50.0,[50],0
884,208.79.238.120,6,49.0,49.0,[49],0
885,208.81.246.147,6,48.0,48.0,[48],0
886,208.84.134.102,6,45.0,45.0,[45],0
887,208.87.24.12,5,49.0,49.0,[49],0
888,208.87.24.50,7,49.0,49.0,[49],0
889,208.88.176.201,6,114.66666666666667,51.0,[242  51],191
890,208.89.249.155,6,48.0,48.0,[48],0
891,208.93.166.3,6,50.0,50.0,[50],0
892,208.94.234.135,7,51.0,51.0,[51],0
893,208.97.129.102,8,50.0,50.0,[50],0
894,208.97.177.187,6,47.0,47.0,[47],0
895,208.99.74.170,7,46.0,46.0,[46],0
896,208.99.77.26,5,49.0,49.0,[49],0
897,208.99.78.110,30,47.0,47.0,[47],0
898,209.123.8.83,6,49.0,49.0,[49],0
899,209.128.91.28,7,51.0,51.0,[51],0
900,209.128.91.29,7,50.0,50.0,[50],0
901,209.132.217.113,6,46.0,46.0,[46],0
902,209.151.238.98,6,48.0,48.0,[48],0
903,209.169.12.151,6,53.0,53.0,[53],0
904,209.173.246.158,6,116.0,116.0,[116],0
905,209.177.158.112,6,50.0,50.0,[50],0
906,209.188.91.92,6,50.0,50.0,[50],0
907,209.20.76.126,6,48.0,48.0,[48],0
908,209.200.1.105,7,47.0,47.0,[47],0
909,209.200.232.250,6,47.0,47.0,[47],0
910,209.200.242.152,9,47.0,47.0,[47],0
911,209.200.3.62,7,47.0,47.0,[47],0
912,209.208.75.106,8,50.0,50.0,[50],0
913,209.23.201.32,5,114.8,115.0,[114 115],1
914,209.236.126.94,6,47.0,47.0,[47],0
915,209.238.172.190,5,49.0,49.0,[49],0
916,209.239.163.238,15,47.0,47.0,[47],0
917,209.239.169.30,15,47.0,47.0,[47],0
918,209.239.172.26,5,47.0,47.0,[47],0
919,209.239.174.18,5,47.0,47.0,[47],0
920,209.239.37.120,6,49.0,49.0,[49],0
921,209.240.160.13,5,109.0,109.0,[109],0
922,209.255.119.50,6,40.0,40.0,[40],0
923,209.35.159.148,5,46.0,46.0,[46],0
924,209.54.126.160,7,51.0,51.0,[51],0
925,209.54.49.239,7,49.0,49.0,[49],0
926,209.59.141.11,5,47.0,47.0,[47],0
927,209.59.143.91,5,47.0,47.0,[47],0
928,209.62.67.242,6,48.0,48.0,[48],0
929,209.68.1.55,14,48.0,48.0,[48],0
930,209.68.2.121,6,48.0,48.0,[48],0
931,209.68.2.13,5,48.0,48.0,[48],0
932,209.68.2.133,6,48.0,48.0,[48],0
933,209.68.2.159,7,48.0,48.0,[48],0
934,209.68.2.164,6,48.0,48.0,[48],0
935,209.68.2.181,6,48.0,48.0,[48],0
936,209.68.2.183,7,48.0,48.0,[48],0
937,209.68.2.211,6,48.0,48.0,[48],0
938,209.68.2.63,7,48.0,48.0,[48],0
939,209.68.2.96,6,48.0,48.0,[48],0
940,209.68.3.252,7,48.0,48.0,[48],0
941,209.68.4.177,6,48.0,48.0,[48],0
942,209.68.4.178,12,48.0,48.0,[48],0
943,209.68.4.188,6,48.0,48.0,[48],0
944,209.68.4.189,6,48.0,48.0,[48],0
945,209.68.4.192,19,48.0,48.0,[48],0
946,209.68.4.198,7,48.0,48.0,[48],0
947,209.68.4.203,6,48.0,48.0,[48],0
948,209.68.4.213,6,48.0,48.0,[48],0
949,209.68.4.218,6,48.0,48.0,[48],0
950,209.68.4.222,7,48.0,48.0,[48],0
951,209.68.4.25,12,48.0,48.0,[48],0
952,209.68.5.107,7,48.0,48.0,[48],0
953,209.68.5.111,12,48.0,48.0,[48],0
954,209.68.5.112,6,48.0,48.0,[48],0
955,209.68.5.114,73,48.0,48.0,[48],0
956,209.68.5.116,6,48.0,48.0,[48],0
957,209.68.5.12,7,48.0,48.0,[48],0
958,209.68.5.120,24,48.0,48.0,[48],0
959,209.68.5.126,12,48.0,48.0,[48],0
960,209.68.5.130,6,48.0,48.0,[48],0
961,209.68.5.131,12,48.0,48.0,[48],0
962,209.68.5.141,6,48.0,48.0,[48],0
963,209.68.5.143,12,48.0,48.0,[48],0
964,209.68.5.144,6,48.0,48.0,[48],0
965,209.68.5.151,13,48.0,48.0,[48],0
966,209.68.5.154,12,48.0,48.0,[48],0
967,209.68.5.167,6,48.0,48.0,[48],0
968,209.68.5.169,12,48.0,48.0,[48],0
969,209.68.5.172,25,48.0,48.0,[48],0
970,209.68.5.173,19,48.0,48.0,[48],0
971,209.68.5.174,6,48.0,48.0,[48],0
972,209.68.5.175,6,48.0,48.0,[48],0
973,209.68.5.176,19,48.0,48.0,[48],0
974,209.68.5.177,12,48.0,48.0,[48],0
975,209.68.5.179,7,48.0,48.0,[48],0
976,209.68.5.192,6,48.0,48.0,[48],0
977,209.68.5.195,13,48.0,48.0,[48],0
978,209.68.5.196,12,48.0,48.0,[48],0
979,209.68.5.198,6,48.0,48.0,[48],0
980,209.68.5.199,19,48.0,48.0,[48],0
981,209.68.5.20,6,48.0,48.0,[48],0
982,209.68.5.201,6,48.0,48.0,[48],0
983,209.68.5.202,18,48.0,48.0,[48],0
984,209.68.5.206,27,48.0,48.0,[48],0
985,209.68.5.207,12,48.0,48.0,[48],0
986,209.68.5.7,6,48.0,48.0,[48],0
987,209.68.5.70,15,48.0,48.0,[48],0
988,209.68.59.165,6,48.0,48.0,[48],0
989,209.68.59.181,6,48.0,48.0,[48],0
990,209.68.59.200,24,48.0,48.0,[48],0
991,209.68.59.210,18,48.0,48.0,[48],0
992,209.68.59.88,6,48.0,48.0,[48],0
993,209.68.59.93,6,48.0,48.0,[48],0
994,209.68.6.12,22,48.0,48.0,[48],0
995,209.68.6.169,15,48.0,48.0,[48],0
996,209.68.6.176,6,48.0,48.0,[48],0
997,209.68.6.178,7,48.0,48.0,[48],0
998,209.82.28.11,5,54.0,54.0,[54],0
999,210.150.6.169,7,49.0,49.0,[49],0
1000,210.160.211.50,5,42.0,42.0,[42],0
1001,210.168.120.193,6,45.0,45.0,[45],0
1002,210.200.133.141,7,47.0,47.0,[47],0
1003,210.238.91.71,6,47.0,47.0,[47],0
1004,210.48.94.59,6,50.0,50.0,[50],0
1005,210.5.71.79,8,47.0,47.0,[47],0
1006,210.50.196.53,6,42.0,42.0,[42],0
1007,210.70.7.37,7,90.0,107.0,[ 47  48 107],60
1008,210.70.7.83,10,83.3,107.0,[ 47  48 107],60
1009,211.125.116.153,7,44.0,44.0,[44],0
1010,211.125.67.36,5,46.0,46.0,[46],0
1011,211.147.64.50,5,43.0,43.0,[43],0
1012,211.249.40.17,6,45.0,45.0,[45],0
1013,211.69.206.16,6,38.0,38.0,[38],0
1014,212.1.208.183,7,49.0,49.0,[49],0
1015,212.126.36.41,8,52.0,52.0,[52],0
1016,212.150.236.238,7,42.0,42.0,[42],0
1017,212.158.169.231,5,41.0,41.0,[41],0
1018,212.224.109.81,14,47.0,47.0,[47],0
1019,212.24.56.137,6,42.0,42.0,[42],0
1020,212.34.129.43,6,46.0,46.0,[46],0
1021,212.36.69.104,6,47.0,47.0,[47],0
1022,212.51.177.50,7,45.0,45.0,[45],0
1023,212.68.35.6,11,44.45454545454545,44.0,[45 44],1
1024,212.68.50.2,9,45.0,45.0,[45],0
1025,212.68.61.42,5,40.0,40.0,[40],0
1026,212.71.233.183,5,48.0,48.0,[48],0
1027,212.83.141.150,6,49.0,49.0,[49],0
1028,213.108.250.125,5,43.0,43.0,[43],0
1029,213.114.239.232,6,48.0,48.0,[48],0
1030,213.115.251.78,6,48.0,48.0,[48],0
1031,213.132.117.7,6,47.0,47.0,[47],0
1032,213.133.104.70,5,45.0,45.0,[45],0
1033,213.133.106.188,6,44.0,44.0,[44],0
1034,213.149.231.2,5,45.0,45.0,[45],0
1035,213.155.112.114,7,47.0,47.0,[47],0
1036,213.155.29.152,5,42.0,42.0,[42],0
1037,213.162.246.68,7,50.0,50.0,[50],0
1038,213.171.133.160,6,44.0,44.0,[44],0
1039,213.179.132.221,7,48.0,48.0,[48],0
1040,213.180.38.152,6,46.0,46.0,[46],0
1041,213.187.84.93,5,53.0,53.0,[53],0
1042,213.192.252.100,6,109.0,109.0,[109],0
1043,213.198.107.98,6,48.0,48.0,[48],0
1044,213.201.20.5,7,44.0,44.0,[44],0
1045,213.203.220.4,6,48.0,48.0,[48],0
1046,213.221.179.17,5,46.0,46.0,[46],0
1047,213.5.178.75,6,45.0,45.0,[45],0
1048,213.56.194.144,6,40.0,40.0,[40],0
1049,213.61.34.42,6,50.0,50.0,[50],0
1050,213.74.26.205,7,44.0,44.0,[44],0
1051,213.82.29.21,5,108.0,108.0,[108],0
1052,213.95.21.42,6,50.0,50.0,[50],0
1053,216.104.160.138,23,50.0,50.0,[50],0
1054,216.106.58.6,13,112.0,112.0,[112],0
1055,216.119.112.140,5,115.0,115.0,[115],0
1056,216.119.112.146,5,114.0,114.0,[114],0
1057,216.119.112.149,6,115.0,115.0,[115],0
1058,216.119.112.153,5,115.0,115.0,[115],0
1059,216.119.147.21,7,48.0,48.0,[48],0
1060,216.131.127.77,7,49.0,49.0,[49],0
1061,216.135.79.146,12,51.0,51.0,[51],0
1062,216.137.165.111,7,49.0,49.0,[49],0
1063,216.14.222.160,6,51.0,51.0,[51],0
1064,216.157.28.103,6,44.0,44.0,[44],0
1065,216.168.201.122,5,46.0,46.0,[46],0
1066,216.168.48.40,6,115.0,115.0,[115],0
1067,216.169.111.71,6,50.0,50.0,[50],0
1068,216.17.69.143,6,47.0,47.0,[47],0
1069,216.17.99.76,7,45.0,45.0,[45],0
1070,216.172.62.29,6,54.0,54.0,[54],0
1071,216.18.166.150,5,47.0,47.0,[47],0
1072,216.193.224.180,7,50.0,50.0,[50],0
1073,216.218.228.130,7,53.0,53.0,[53],0
1074,216.221.228.6,6,51.0,51.0,[51],0
1075,216.224.161.110,6,47.0,47.0,[47],0
1076,216.224.177.68,6,47.0,47.0,[47],0
1077,216.230.117.128,7,47.0,47.0,[47],0
1078,216.230.240.171,6,51.0,51.0,[51],0
1079,216.238.149.11,8,46.0,46.0,[46],0
1080,216.24.172.73,6,46.0,46.0,[46],0
1081,216.246.45.15,6,48.0,48.0,[48],0
1082,216.250.117.245,6,49.0,49.0,[49],0
1083,216.26.133.28,5,113.0,113.0,[113],0
1084,216.38.52.80,6,54.0,54.0,[54],0
1085,216.46.187.70,6,50.0,50.0,[50],0
1086,216.52.198.156,6,114.0,114.0,[114],0
1087,216.52.38.4,6,50.0,50.0,[50],0
1088,216.55.183.73,6,49.0,49.0,[49],0
1089,216.65.11.142,7,50.0,50.0,[50],0
1090,216.65.13.242,17,49.0,49.0,[49],0
1091,216.65.53.241,6,51.0,51.0,[51],0
1092,216.67.243.18,6,49.0,49.0,[49],0
1093,216.70.100.196,6,43.0,43.0,[43],0
1094,216.70.106.150,6,43.0,43.0,[43],0
1095,216.70.108.226,6,42.0,42.0,[42],0
1096,216.70.108.42,6,43.0,43.0,[43],0
1097,216.70.109.169,7,43.0,43.0,[43],0
1098,216.70.111.95,7,43.0,43.0,[43],0
1099,216.70.112.194,8,42.0,42.0,[42],0
1100,216.70.112.90,8,42.0,42.0,[42],0
1101,216.70.113.232,5,42.0,42.0,[42],0
1102,216.70.113.74,5,43.0,43.0,[43],0
1103,216.70.113.91,5,43.0,43.0,[43],0
1104,216.70.114.173,9,42.0,42.0,[42],0
1105,216.70.127.30,5,48.0,48.0,[48],0
1106,216.70.68.35,6,43.0,43.0,[43],0
1107,216.70.71.58,6,43.0,43.0,[43],0
1108,216.70.71.85,7,42.0,42.0,[42],0
1109,216.70.82.47,6,43.0,43.0,[43],0
1110,216.70.84.231,8,42.0,42.0,[42],0
1111,216.70.85.159,6,42.0,42.0,[42],0
1112,216.70.87.60,6,42.0,42.0,[42],0
1113,216.70.88.113,8,42.0,42.0,[42],0
1114,216.70.88.200,6,41.0,41.0,[41],0
1115,216.70.88.53,6,42.0,42.0,[42],0
1116,216.70.89.112,6,42.0,42.0,[42],0
1117,216.70.89.222,6,42.0,42.0,[42],0
1118,216.70.90.199,6,41.0,41.0,[41],0
1119,216.70.91.45,6,42.0,42.0,[42],0
1120,216.70.92.215,6,41.0,41.0,[41],0
1121,216.70.93.75,6,41.0,41.0,[41],0
1122,216.70.94.161,6,41.0,41.0,[41],0
1123,216.70.97.152,6,42.0,42.0,[42],0
1124,216.75.199.164,6,47.0,47.0,[47],0
1125,216.84.25.242,7,49.0,49.0,[49],0
1126,216.85.236.148,6,50.0,50.0,[50],0
1127,216.86.153.121,6,47.0,47.0,[47],0
1128,216.9.9.81,7,52.0,52.0,[52],0
1129,216.92.127.131,6,48.0,48.0,[48],0
1130,216.92.127.91,31,48.0,48.0,[48],0
1131,216.92.131.108,16,48.0,48.0,[48],0
1132,216.92.131.113,12,48.0,48.0,[48],0
1133,216.92.131.132,6,48.0,48.0,[48],0
1134,216.92.131.158,6,48.0,48.0,[48],0
1135,216.92.192.190,6,48.0,48.0,[48],0
1136,216.92.192.60,8,48.0,48.0,[48],0
1137,216.92.192.67,6,48.0,48.0,[48],0
1138,216.92.192.76,6,48.0,48.0,[48],0
1139,216.92.192.89,1,48.0,48.0,[48],0
1140,216.92.2.167,6,48.0,48.0,[48],0
1141,216.92.2.42,6,48.0,48.0,[48],0
1142,216.92.242.25,1,48.0,48.0,[48],0
1143,216.92.4.206,12,48.0,48.0,[48],0
1144,217.114.215.194,6,51.0,51.0,[51],0
1145,217.133.228.212,6,48.0,48.0,[48],0
1146,217.14.168.19,7,45.0,45.0,[45],0
1147,217.146.78.197,7,41.0,41.0,[41],0
1148,217.149.253.202,6,113.0,113.0,[113],0
1149,217.170.72.138,6,43.0,43.0,[43],0
1150,217.18.41.19,6,48.0,48.0,[48],0
1151,217.19.238.94,7,47.0,47.0,[47],0
1152,217.195.203.18,6,40.0,40.0,[40],0
1153,217.199.175.124,6,47.0,47.0,[47],0
1154,217.25.221.32,6,51.0,51.0,[51],0
1155,217.26.99.12,9,48.0,48.0,[48],0
1156,218.208.0.121,6,50.0,50.0,[50],0
1157,218.240.62.253,6,41.0,41.0,[41],0
1158,219.117.242.211,6,46.0,46.0,[46],0
1159,219.94.130.136,7,45.0,45.0,[45],0
1160,219.94.155.10,6,46.0,46.0,[46],0
1161,219.94.155.16,6,45.0,45.0,[45],0
1162,219.94.155.164,6,45.0,45.0,[45],0
1163,219.94.155.51,6,45.0,45.0,[45],0
1164,219.94.200.43,6,44.0,44.0,[44],0
1165,219.94.203.120,1,45.0,45.0,[45],0
1166,219.94.232.180,5,46.0,46.0,[46],0
1167,219.94.244.107,5,46.0,46.0,[46],0
1168,219.94.253.210,5,45.0,45.0,[45],0
1169,220.233.129.90,6,108.0,108.0,[108],0
1170,220.247.204.29,6,112.0,112.0,[112],0
1171,222.127.134.106,9,51.0,51.0,[51],0
1172,222.165.190.150,6,49.0,49.0,[49],0
1173,23.21.125.21,6,42.0,42.0,[42],0
1174,23.21.168.194,7,43.0,43.0,[43],0
1175,23.21.65.241,6,45.0,45.0,[45],0
1176,23.226.225.199,7,55.0,55.0,[55],0
1177,23.23.102.46,6,43.0,43.0,[43],0
1178,23.23.144.98,7,42.0,42.0,[42],0
1179,23.23.206.112,8,45.0,45.0,[45],0
1180,23.23.230.110,6,41.0,41.0,[41],0
1181,23.23.237.241,6,44.0,44.0,[44],0
1182,23.23.237.62,6,42.0,42.0,[42],0
1183,23.23.249.21,6,46.0,46.0,[46],0
1184,23.239.197.35,5,49.0,49.0,[49],0
1185,23.252.120.164,7,50.0,50.0,[50],0
1186,24.222.106.253,6,49.0,49.0,[49],0
1187,27.120.104.203,6,49.0,49.0,[49],0
1188,27.50.123.149,6,49.0,49.0,[49],0
1189,31.192.116.162,5,47.0,47.0,[47],0
1190,31.192.230.108,7,48.0,48.0,[48],0
1191,31.193.139.74,7,48.0,48.0,[48],0
1192,31.210.156.118,6,40.0,40.0,[40],0
1193,31.210.66.66,28,44.964285714285715,46.0,[43 46 42 48],6
1194,31.216.36.143,5,46.0,46.0,[46],0
1195,31.222.137.116,6,47.0,47.0,[47],0
1196,31.222.178.123,6,49.0,49.0,[49],0
1197,31.24.121.20,5,45.0,45.0,[45],0
1198,31.25.170.24,6,39.0,39.0,[39],0
1199,31.31.202.12,7,49.0,49.0,[49],0
1200,31.7.242.58,8,47.0,47.0,[47],0
1201,37.1.208.131,7,46.0,46.0,[46],0
1202,37.1.214.8,6,46.0,46.0,[46],0
1203,37.122.210.143,6,48.0,48.0,[48],0
1204,37.139.13.69,6,50.0,50.0,[50],0
1205,37.139.29.167,6,49.0,49.0,[49],0
1206,37.143.9.164,6,50.0,50.0,[50],0
1207,37.153.96.57,7,47.0,47.0,[47],0
1208,37.157.195.68,5,45.0,45.0,[45],0
1209,37.205.9.204,6,46.0,46.0,[46],0
1210,37.221.193.228,6,52.0,52.0,[52],0
1211,37.58.24.162,5,46.0,46.0,[46],0
1212,37.59.170.33,6,48.0,48.0,[48],0
1213,37.9.170.27,5,43.0,43.0,[43],0
1214,38.101.46.65,6,46.0,46.0,[46],0
1215,38.104.0.182,7,112.0,112.0,[112],0
1216,38.108.133.72,6,48.0,48.0,[48],0
1217,38.108.32.166,7,46.0,46.0,[46],0
1218,38.112.63.100,6,48.0,48.0,[48],0
1219,38.126.15.181,6,45.0,45.0,[45],0
1220,38.96.198.167,6,48.0,48.0,[48],0
1221,38.98.208.100,6,47.0,47.0,[47],0
1222,38.98.228.121,6,49.0,49.0,[49],0
1223,4.49.109.131,7,51.0,51.0,[51],0
1224,40.130.149.2,7,110.0,110.0,[110],0
1225,41.216.133.28,6,102.0,102.0,[102],0
1226,42.121.1.42,7,44.0,44.0,[44],0
1227,42.121.54.127,8,44.0,44.0,[44],0
1228,46.146.224.65,6,50.0,50.0,[50],0
1229,46.151.128.16,6,109.0,109.0,[109],0
1230,46.163.119.131,7,49.0,49.0,[49],0
1231,46.163.119.159,8,48.0,48.0,[48],0
1232,46.163.73.165,6,48.0,48.0,[48],0
1233,46.163.75.152,6,49.0,49.0,[49],0
1234,46.163.75.5,6,49.0,49.0,[49],0
1235,46.183.11.50,6,51.0,51.0,[51],0
1236,46.183.11.69,6,51.0,51.0,[51],0
1237,46.183.13.31,5,51.0,51.0,[51],0
1238,46.20.9.90,6,42.0,42.0,[42],0
1239,46.226.248.168,6,45.0,45.0,[45],0
1240,46.229.169.196,8,49.0,49.0,[49],0
1241,46.247.0.11,6,51.0,51.0,[51],0
1242,46.254.51.13,6,46.0,46.0,[46],0
1243,46.28.107.44,5,44.0,44.0,[44],0
1244,46.32.254.132,5,48.0,48.0,[48],0
1245,46.38.162.187,7,49.0,49.0,[49],0
1246,46.4.11.196,6,45.0,45.0,[45],0
1247,46.4.113.48,5,45.0,45.0,[45],0
1248,46.4.57.139,5,45.0,45.0,[45],0
1249,46.43.41.104,5,48.0,48.0,[48],0
1250,46.45.169.53,7,49.0,49.0,[49],0
1251,49.212.122.129,6,45.0,45.0,[45],0
1252,49.212.133.98,5,45.0,45.0,[45],0
1253,49.212.136.25,5,46.0,46.0,[46],0
1254,49.212.15.183,6,46.0,46.0,[46],0
1255,49.212.159.29,7,45.0,45.0,[45],0
1256,49.212.170.50,5,45.0,45.0,[45],0
1257,49.212.179.241,6,45.0,45.0,[45],0
1258,49.212.192.61,5,46.0,46.0,[46],0
1259,49.212.210.76,6,45.0,45.0,[45],0
1260,49.212.243.25,6,46.0,46.0,[46],0
1261,49.212.27.85,6,45.0,45.0,[45],0
1262,49.212.39.163,6,45.0,45.0,[45],0
1263,49.212.53.167,6,46.0,46.0,[46],0
1264,49.212.63.178,6,46.0,46.0,[46],0
1265,49.212.66.111,7,45.0,45.0,[45],0
1266,49.212.86.188,7,45.0,45.0,[45],0
1267,5.100.248.104,6,109.0,109.0,[109],0
1268,5.103.136.22,5,46.0,46.0,[46],0
1269,5.134.9.74,6,47.0,47.0,[47],0
1270,5.157.84.11,6,51.0,51.0,[51],0
1271,5.28.8.10,5,43.0,43.0,[43],0
1272,5.45.100.244,6,51.0,51.0,[51],0
1273,5.63.154.83,6,49.0,49.0,[49],0
1274,5.9.110.235,5,45.0,45.0,[45],0
1275,5.9.151.144,6,45.0,45.0,[45],0
1276,5.9.202.254,6,45.0,45.0,[45],0
1277,5.9.51.143,5,45.0,45.0,[45],0
1278,5.9.66.37,5,45.0,45.0,[45],0
1279,5.9.96.166,5,45.0,45.0,[45],0
1280,50.116.13.102,5,53.0,53.0,[53],0
1281,50.116.13.95,7,53.0,53.0,[53],0
1282,50.116.3.142,7,53.0,53.0,[53],0
1283,50.116.55.243,6,49.0,49.0,[49],0
1284,50.116.59.205,6,49.0,49.0,[49],0
1285,50.116.62.79,5,49.0,49.0,[49],0
1286,50.116.9.110,6,53.0,53.0,[53],0
1287,50.125.116.163,6,116.0,116.0,[116],0
1288,50.137.215.147,8,47.0,47.0,[47],0
1289,50.155.239.115,6,49.0,49.0,[49],0
1290,50.16.190.16,6,42.0,42.0,[42],0
1291,50.17.4.33,7,42.0,42.0,[42],0
1292,50.19.224.79,7,43.0,43.0,[43],0
1293,50.190.8.24,6,45.0,45.0,[45],0
1294,50.196.219.213,7,47.0,47.0,[47],0
1295,50.203.189.18,5,113.0,113.0,[113],0
1296,50.22.177.244,6,53.0,53.0,[53],0
1297,50.22.26.34,6,49.0,49.0,[49],0
1298,50.23.105.199,6,53.0,53.0,[53],0
1299,50.28.24.96,7,47.0,47.0,[47],0
1300,50.28.30.193,6,47.0,47.0,[47],0
1301,50.28.34.0,5,48.0,48.0,[48],0
1302,50.28.4.19,6,48.0,48.0,[48],0
1303,50.28.57.26,5,47.0,47.0,[47],0
1304,50.28.61.10,5,48.0,48.0,[48],0
1305,50.28.72.244,6,47.0,47.0,[47],0
1306,50.28.88.8,6,48.0,48.0,[48],0
1307,50.28.9.173,7,47.0,47.0,[47],0
1308,50.31.1.26,6,46.0,46.0,[46],0
1309,50.31.80.200,12,47.0,47.0,[47],0
1310,50.56.16.97,7,49.0,49.0,[49],0
1311,50.56.185.37,8,44.0,44.0,[44],0
1312,50.56.185.75,6,44.0,44.0,[44],0
1313,50.56.191.253,7,48.0,48.0,[48],0
1314,50.56.197.51,6,47.0,47.0,[47],0
1315,50.56.218.213,6,44.0,44.0,[44],0
1316,50.56.71.248,6,43.0,43.0,[43],0
1317,50.56.92.139,6,49.0,49.0,[49],0
1318,50.57.215.21,6,112.0,112.0,[112],0
1319,50.57.74.46,8,43.0,43.0,[43],0
1320,50.57.97.173,7,49.0,49.0,[49],0
1321,50.59.103.186,5,114.0,114.0,[114],0
1322,50.7.66.18,11,48.0,48.0,[48],0
1323,50.7.66.26,5,48.0,48.0,[48],0
1324,50.97.138.105,6,49.0,49.0,[49],0
1325,50.97.160.186,7,49.0,49.0,[49],0
1326,50.97.236.90,5,52.0,52.0,[52],0
1327,54.194.102.69,8,48.0,48.0,[48],0
1328,54.194.144.209,6,50.0,50.0,[50],0
1329,54.194.22.16,6,48.0,48.0,[48],0
1330,54.194.220.58,6,48.0,48.0,[48],0
1331,54.194.52.180,6,50.0,50.0,[50],0
1332,54.197.244.229,6,42.0,42.0,[42],0
1333,54.200.147.111,5,127.0,127.0,[127],0
1334,54.200.6.239,6,63.0,63.0,[63],0
1335,54.201.144.91,6,63.0,63.0,[63],0
1336,54.201.189.81,6,63.0,63.0,[63],0
1337,54.201.80.58,6,63.0,63.0,[63],0
1338,54.201.83.97,7,63.0,63.0,[63],0
1339,54.201.98.55,6,63.0,63.0,[63],0
1340,54.203.248.216,6,57.0,57.0,[57],0
1341,54.209.84.143,6,50.0,50.0,[50],0
1342,54.212.251.219,7,57.0,57.0,[57],0
1343,54.213.10.145,6,63.0,63.0,[63],0
1344,54.213.119.16,6,63.0,63.0,[63],0
1345,54.214.4.246,5,53.0,53.0,[53],0
1346,54.215.108.105,5,46.0,46.0,[46],0
1347,54.218.59.19,6,63.0,63.0,[63],0
1348,54.221.222.179,6,46.0,46.0,[46],0
1349,54.221.233.169,6,42.0,42.0,[42],0
1350,54.221.77.79,7,42.0,42.0,[42],0
1351,54.225.107.203,6,42.0,42.0,[42],0
1352,54.225.154.225,6,44.0,44.0,[44],0
1353,54.228.100.167,5,45.0,45.0,[45],0
1354,54.228.230.207,6,45.0,45.0,[45],0
1355,54.229.13.235,6,50.0,50.0,[50],0
1356,54.229.67.180,5,50.0,50.0,[50],0
1357,54.232.89.49,8,40.0,40.0,[40],0
1358,54.234.189.52,8,41.0,41.0,[41],0
1359,54.235.134.68,7,45.0,45.0,[45],0
1360,54.235.144.74,6,46.0,46.0,[46],0
1361,54.241.120.14,8,45.0,45.0,[45],0
1362,54.241.16.218,6,52.0,52.0,[52],0
1363,54.241.177.227,5,55.0,55.0,[55],0
1364,54.241.243.206,9,45.0,45.0,[45],0
1365,54.243.134.81,6,41.0,41.0,[41],0
1366,54.243.188.127,6,41.0,41.0,[41],0
1367,54.243.56.4,5,41.0,41.0,[41],0
1368,54.244.113.90,7,56.0,56.0,[56],0
1369,54.245.146.3,6,55.0,55.0,[55],0
1370,54.245.83.180,7,57.0,57.0,[57],0
1371,54.245.98.20,6,54.0,54.0,[54],0
1372,54.247.112.90,7,39.0,39.0,[39],0
1373,54.247.170.84,6,41.0,41.0,[41],0
1374,54.247.178.101,8,39.0,39.0,[39],0
1375,54.248.236.255,8,44.0,44.0,[44],0
1376,54.248.80.255,6,45.0,45.0,[45],0
1377,54.248.89.204,8,39.0,39.0,[39],0
1378,54.249.126.69,6,48.0,48.0,[48],0
1379,54.249.159.103,7,39.0,39.0,[39],0
1380,54.249.243.97,6,39.0,39.0,[39],0
1381,54.250.149.185,6,48.0,48.0,[48],0
1382,54.250.157.8,6,48.0,48.0,[48],0
1383,54.250.167.218,6,48.0,48.0,[48],0
1384,54.251.101.5,7,37.0,37.0,[37],0
1385,54.251.183.200,6,46.0,46.0,[46],0
1386,54.251.240.32,6,42.0,42.0,[42],0
1387,54.252.102.191,6,38.0,38.0,[38],0
1388,54.252.131.235,8,47.0,47.0,[47],0
1389,54.252.99.123,6,38.0,38.0,[38],0
1390,54.254.138.140,6,46.0,46.0,[46],0
1391,54.254.146.60,6,46.0,46.0,[46],0
1392,54.254.198.7,7,46.0,46.0,[46],0
1393,54.68.239.246,5,63.0,63.0,[63],0
1394,54.87.36.201,6,44.0,44.0,[44],0
1395,58.29.87.197,6,44.0,44.0,[44],0
1396,59.106.163.82,6,46.0,46.0,[46],0
1397,59.106.191.17,6,47.0,47.0,[47],0
1398,59.167.168.133,7,50.0,50.0,[50],0
1399,60.32.188.43,6,44.0,44.0,[44],0
1400,61.122.232.23,6,44.0,44.0,[44],0
1401,61.221.242.49,8,46.0,46.0,[46],0
1402,61.221.67.227,7,111.0,111.0,[111],0
1403,62.105.166.101,7,51.0,51.0,[51],0
1404,62.109.29.30,6,46.0,46.0,[46],0
1405,62.109.4.131,6,46.0,46.0,[46],0
1406,62.129.7.86,6,50.0,50.0,[50],0
1407,62.141.37.225,6,44.0,44.0,[44],0
1408,62.160.53.8,6,40.0,40.0,[40],0
1409,62.176.240.22,6,51.0,51.0,[51],0
1410,62.183.207.58,9,42.0,42.0,[42],0
1411,62.210.131.109,5,49.0,49.0,[49],0
1412,62.210.175.8,6,49.0,49.0,[49],0
1413,62.210.178.45,6,49.0,49.0,[49],0
1414,62.233.106.125,6,44.0,44.0,[44],0
1415,62.240.13.4,8,45.0,45.0,[45],0
1416,62.50.76.156,7,47.0,47.0,[47],0
1417,62.75.146.130,6,47.0,47.0,[47],0
1418,62.75.251.244,8,47.0,47.0,[47],0
1419,62.8.119.65,6,44.0,44.0,[44],0
1420,62.90.175.92,8,41.0,41.0,[41],0
1421,63.131.159.242,7,51.0,51.0,[51],0
1422,63.140.0.67,15,47.0,47.0,[47],0
1423,63.146.182.197,5,54.0,54.0,[54],0
1424,63.230.246.16,5,117.0,117.0,[117],0
1425,63.236.49.57,6,113.0,113.0,[113],0
1426,63.247.140.222,7,49.0,49.0,[49],0
1427,63.247.74.26,6,44.0,44.0,[44],0
1428,63.252.82.122,13,49.0,49.0,[49],0
1429,64.111.126.32,6,47.0,47.0,[47],0
1430,64.111.127.183,6,47.0,47.0,[47],0
1431,64.111.127.27,6,47.0,47.0,[47],0
1432,64.111.127.79,5,47.0,47.0,[47],0
1433,64.111.127.81,6,47.0,47.0,[47],0
1434,64.111.127.89,8,48.0,48.0,[48],0
1435,64.114.6.202,5,115.8,116.0,[115 116],1
1436,64.119.182.36,6,51.0,51.0,[51],0
1437,64.120.76.202,6,48.0,48.0,[48],0
1438,64.13.226.167,5,47.0,47.0,[47],0
1439,64.13.226.87,5,47.0,47.0,[47],0
1440,64.13.252.198,5,48.0,48.0,[48],0
1441,64.131.71.6,6,54.0,54.0,[54],0
1442,64.142.100.41,5,52.0,52.0,[52],0
1443,64.15.152.6,10,47.0,47.0,[47],0
1444,64.150.187.73,7,49.0,49.0,[49],0
1445,64.150.190.248,9,49.0,49.0,[49],0
1446,64.151.126.92,5,113.0,113.0,[113],0
1447,64.151.228.214,7,51.0,51.0,[51],0
1448,64.17.0.217,6,45.0,45.0,[45],0
1449,64.19.203.201,6,50.0,50.0,[50],0
1450,64.20.50.2,7,48.0,48.0,[48],0
1451,64.207.145.153,7,42.0,42.0,[42],0
1452,64.207.150.133,6,42.0,42.0,[42],0
1453,64.207.152.127,12,41.0,41.0,[41],0
1454,64.207.152.78,9,41.0,41.0,[41],0
1455,64.207.153.152,6,42.0,42.0,[42],0
1456,64.207.154.56,6,41.0,41.0,[41],0
1457,64.207.155.111,6,41.0,41.0,[41],0
1458,64.207.155.116,6,41.0,41.0,[41],0
1459,64.207.159.173,6,42.0,42.0,[42],0
1460,64.207.177.187,6,42.0,42.0,[42],0
1461,64.207.178.48,7,41.0,41.0,[41],0
1462,64.207.180.35,7,41.0,41.0,[41],0
1463,64.207.185.135,8,41.0,41.0,[41],0
1464,64.207.185.62,6,41.0,41.0,[41],0
1465,64.207.186.44,6,41.0,41.0,[41],0
1466,64.207.187.161,6,42.0,42.0,[42],0
1467,64.207.189.134,6,41.0,41.0,[41],0
1468,64.207.189.171,7,42.0,42.0,[42],0
1469,64.224.231.17,6,45.0,45.0,[45],0
1470,64.23.78.23,7,49.0,49.0,[49],0
1471,64.235.52.54,5,50.0,50.0,[50],0
1472,64.34.162.74,6,46.0,46.0,[46],0
1473,64.34.169.133,7,47.0,47.0,[47],0
1474,64.37.46.254,12,48.0,48.0,[48],0
1475,64.49.234.46,5,111.0,111.0,[111],0
1476,64.49.237.45,6,47.0,47.0,[47],0
1477,64.57.64.36,8,52.0,52.0,[52],0
1478,64.6.107.160,18,45.0,45.0,[45],0
1479,64.6.111.242,7,44.0,44.0,[44],0
1480,64.6.225.2,7,49.0,49.0,[49],0
1481,64.62.198.211,7,54.0,54.0,[54],0
1482,64.64.11.26,7,54.0,54.0,[54],0
1483,64.64.5.164,12,54.0,54.0,[54],0
1484,64.65.231.144,8,48.0,48.0,[48],0
1485,64.65.60.139,5,46.0,46.0,[46],0
1486,64.72.152.251,6,49.0,49.0,[49],0
1487,64.73.26.50,5,112.0,112.0,[112],0
1488,64.87.14.208,6,49.0,49.0,[49],0
1489,64.89.83.50,6,53.0,53.0,[53],0
1490,64.90.52.146,5,50.0,50.0,[50],0
1491,64.90.52.149,17,50.0,50.0,[50],0
1492,64.90.52.30,8,50.0,50.0,[50],0
1493,64.90.61.16,5,50.0,50.0,[50],0
1494,64.91.228.116,5,48.0,48.0,[48],0
1495,65.117.180.1,6,52.0,52.0,[52],0
1496,65.171.146.7,6,114.0,114.0,[114],0
1497,65.18.160.11,7,48.0,48.0,[48],0
1498,65.216.217.68,6,48.0,48.0,[48],0
1499,65.36.158.221,6,49.0,49.0,[49],0
1500,65.36.48.12,7,46.0,46.0,[46],0
1501,65.38.114.172,7,107.0,107.0,[107],0
1502,65.39.142.50,6,52.0,52.0,[52],0
1503,65.39.149.132,5,49.0,49.0,[49],0
1504,65.49.143.2,6,52.0,52.0,[52],0
1505,65.61.37.151,10,113.0,113.0,[113],0
1506,65.75.154.216,19,45.63157894736842,46.0,[46 45],1
1507,65.79.161.174,7,50.0,50.0,[50],0
1508,65.99.242.20,5,110.0,110.0,[110],0
1509,66.115.174.35,6,52.0,52.0,[52],0
1510,66.115.33.14,5,107.0,107.0,[107],0
1511,66.117.150.12,8,52.0,52.0,[52],0
1512,66.118.47.1,12,45.0,45.0,[45],0
1513,66.119.7.120,6,47.0,47.0,[47],0
1514,66.126.32.12,13,49.0,49.0,[49],0
1515,66.129.109.12,7,48.0,48.0,[48],0
1516,66.132.132.69,6,46.0,46.0,[46],0
1517,66.135.33.73,7,48.0,48.0,[48],0
1518,66.135.34.95,6,48.0,48.0,[48],0
1519,66.135.42.117,7,48.0,48.0,[48],0
1520,66.147.228.10,6,52.0,52.0,[52],0
1521,66.148.14.146,6,45.0,45.0,[45],0
1522,66.150.124.36,7,47.0,47.0,[47],0
1523,66.150.164.107,5,51.0,51.0,[51],0
1524,66.154.123.122,7,53.0,53.0,[53],0
1525,66.154.64.20,10,52.0,52.0,[52],0
1526,66.154.97.22,6,53.0,53.0,[53],0
1527,66.160.147.2,8,52.0,52.0,[52],0
1528,66.160.203.2,7,53.0,53.0,[53],0
1529,66.170.18.26,6,51.0,51.0,[51],0
1530,66.171.254.50,5,48.0,48.0,[48],0
1531,66.172.58.9,7,48.0,48.0,[48],0
1532,66.175.106.183,7,52.0,52.0,[52],0
1533,66.175.218.100,5,53.0,53.0,[53],0
1534,66.175.221.234,5,53.0,53.0,[53],0
1535,66.175.222.72,6,53.0,53.0,[53],0
1536,66.179.72.36,7,50.0,50.0,[50],0
1537,66.180.198.11,6,48.0,48.0,[48],0
1538,66.185.20.130,12,51.0,51.0,[51],0
1539,66.194.101.3,6,114.0,114.0,[114],0
1540,66.194.203.222,6,50.0,50.0,[50],0
1541,66.194.9.186,6,51.0,51.0,[51],0
1542,66.199.140.108,9,51.0,51.0,[51],0
1543,66.199.190.16,6,52.0,52.0,[52],0
1544,66.199.190.19,7,52.0,52.0,[52],0
1545,66.199.190.200,12,52.0,52.0,[52],0
1546,66.199.250.218,6,52.0,52.0,[52],0
1547,66.201.113.162,6,50.0,50.0,[50],0
1548,66.209.192.17,7,49.0,49.0,[49],0
1549,66.211.179.161,12,50.5,50.5,[51 50],1
1550,66.213.2.202,7,44.0,44.0,[44],0
1551,66.223.50.100,6,46.0,46.0,[46],0
1552,66.225.220.103,8,50.0,50.0,[50],0
1553,66.225.247.42,7,48.0,48.0,[48],0
1554,66.226.74.113,6,113.0,113.0,[113],0
1555,66.230.226.178,6,51.0,51.0,[51],0
1556,66.232.101.14,6,50.0,50.0,[50],0
1557,66.240.232.48,6,49.0,49.0,[49],0
1558,66.254.125.46,5,49.0,49.0,[49],0
1559,66.33.205.32,7,50.0,50.0,[50],0
1560,66.33.212.11,6,47.0,47.0,[47],0
1561,66.36.241.160,7,52.0,52.0,[52],0
1562,66.39.3.115,48,48.0,48.0,[48],0
1563,66.39.3.116,19,48.0,48.0,[48],0
1564,66.39.3.117,7,48.0,48.0,[48],0
1565,66.39.3.120,26,48.0,48.0,[48],0
1566,66.39.3.121,27,48.0,48.0,[48],0
1567,66.39.3.125,8,48.0,48.0,[48],0
1568,66.39.3.126,13,48.0,48.0,[48],0
1569,66.39.3.160,13,48.0,48.0,[48],0
1570,66.39.3.161,25,48.0,48.0,[48],0
1571,66.39.3.163,13,48.0,48.0,[48],0
1572,66.39.3.164,6,48.0,48.0,[48],0
1573,66.39.3.165,13,48.0,48.0,[48],0
1574,66.39.3.166,25,48.0,48.0,[48],0
1575,66.39.4.200,6,48.0,48.0,[48],0
1576,66.39.4.216,6,48.0,48.0,[48],0
1577,66.39.4.218,30,48.0,48.0,[48],0
1578,66.39.4.30,6,48.0,48.0,[48],0
1579,66.39.4.43,6,48.0,48.0,[48],0
1580,66.39.4.51,21,48.0,48.0,[48],0
1581,66.39.65.132,5,48.0,48.0,[48],0
1582,66.39.65.228,6,48.0,48.0,[48],0
1583,66.39.66.214,6,48.0,48.0,[48],0
1584,66.45.250.162,6,48.0,48.0,[48],0
1585,66.45.253.226,7,47.0,47.0,[47],0
1586,66.49.160.18,6,47.0,47.0,[47],0
1587,66.7.194.51,5,51.0,51.0,[51],0
1588,66.70.101.22,6,50.0,50.0,[50],0
1589,66.84.0.143,6,49.0,49.0,[49],0
1590,66.84.13.14,6,49.0,49.0,[49],0
1591,66.84.57.97,8,49.0,49.0,[49],0
1592,66.90.101.23,7,48.0,48.0,[48],0
1593,67.18.114.194,6,47.0,47.0,[47],0
1594,67.18.186.249,7,44.57142857142857,44.0,[44 46],2
1595,67.19.77.130,7,47.0,47.0,[47],0
1596,67.19.84.234,7,47.0,47.0,[47],0
1597,67.192.226.9,6,44.0,44.0,[44],0
1598,67.192.94.219,5,111.0,111.0,[111],0
1599,67.199.10.50,6,115.0,115.0,[115],0
1600,67.201.52.3,15,50.0,50.0,[50],0
1601,67.205.24.250,5,50.0,50.0,[50],0
1602,67.208.211.50,6,51.0,51.0,[51],0
1603,67.210.111.5,6,47.0,47.0,[47],0
1604,67.210.114.182,6,47.0,47.0,[47],0
1605,67.210.225.2,6,50.0,50.0,[50],0
1606,67.210.98.35,6,47.0,47.0,[47],0
1607,67.212.224.24,6,49.0,49.0,[49],0
1608,67.212.224.35,6,49.0,49.0,[49],0
1609,67.212.225.141,7,49.0,49.0,[49],0
1610,67.215.193.10,6,47.0,47.0,[47],0
1611,67.22.134.165,6,51.0,51.0,[51],0
1612,67.22.135.5,14,51.0,51.0,[51],0
1613,67.222.12.58,7,52.0,52.0,[52],0
1614,67.222.128.229,5,47.0,47.0,[47],0
1615,67.222.139.140,6,47.0,47.0,[47],0
1616,67.222.149.179,11,47.0,47.0,[47],0
1617,67.222.153.130,5,47.0,47.0,[47],0
1618,67.222.155.26,5,47.0,47.0,[47],0
1619,67.222.16.88,6,52.0,52.0,[52],0
1620,67.222.22.156,10,52.0,52.0,[52],0
1621,67.222.3.102,6,47.0,47.0,[47],0
1622,67.223.230.122,6,50.0,50.0,[50],0
1623,67.223.250.80,6,51.0,51.0,[51],0
1624,67.225.144.4,6,48.0,48.0,[48],0
1625,67.225.164.34,6,48.0,48.0,[48],0
1626,67.225.178.74,7,47.0,47.0,[47],0
1627,67.225.197.125,5,48.0,48.0,[48],0
1628,67.225.214.144,6,48.0,48.0,[48],0
1629,67.225.224.50,7,48.0,48.0,[48],0
1630,67.225.232.11,9,47.0,47.0,[47],0
1631,67.225.233.192,19,48.0,48.0,[48],0
1632,67.225.234.172,6,47.0,47.0,[47],0
1633,67.225.236.100,7,48.0,48.0,[48],0
1634,67.227.166.252,6,47.0,47.0,[47],0
1635,67.227.171.84,6,47.0,47.0,[47],0
1636,67.227.227.84,6,48.0,48.0,[48],0
1637,67.227.231.28,6,47.0,47.0,[47],0
1638,67.227.254.7,10,48.0,48.0,[48],0
1639,67.228.177.202,15,49.0,49.0,[49],0
1640,67.228.200.69,9,53.0,53.0,[53],0
1641,67.228.61.210,5,49.0,49.0,[49],0
1642,67.228.80.139,6,53.0,53.0,[53],0
1643,67.23.79.13,6,44.0,44.0,[44],0
1644,67.231.254.154,7,48.0,48.0,[48],0
1645,67.43.11.6,5,48.0,48.0,[48],0
1646,67.55.67.196,6,47.0,47.0,[47],0
1647,67.55.70.230,6,49.0,49.0,[49],0
1648,67.55.72.180,6,47.0,47.0,[47],0
1649,67.99.202.115,5,51.0,51.0,[51],0
1650,67.99.202.30,6,51.0,51.0,[51],0
1651,68.169.61.219,5,49.0,49.0,[49],0
1652,68.169.84.222,5,49.0,49.0,[49],0
1653,68.171.151.162,6,50.0,50.0,[50],0
1654,68.171.36.5,6,49.0,49.0,[49],0
1655,68.233.233.186,6,50.0,50.0,[50],0
1656,68.64.43.243,6,52.0,52.0,[52],0
1657,68.65.192.218,6,52.0,52.0,[52],0
1658,68.71.50.50,5,46.0,46.0,[46],0
1659,69.10.0.136,6,113.0,113.0,[113],0
1660,69.151.127.194,5,109.0,109.0,[109],0
1661,69.16.193.195,5,47.0,47.0,[47],0
1662,69.16.194.217,5,47.0,47.0,[47],0
1663,69.16.206.249,5,48.0,48.0,[48],0
1664,69.16.246.4,12,48.0,48.0,[48],0
1665,69.16.247.0,5,48.0,48.0,[48],0
1666,69.16.252.112,8,47.0,47.0,[47],0
1667,69.160.50.48,6,46.0,46.0,[46],0
1668,69.160.61.16,6,45.0,45.0,[45],0
1669,69.161.223.28,7,51.0,51.0,[51],0
1670,69.162.190.111,12,48.0,48.0,[48],0
1671,69.162.66.130,6,47.0,47.0,[47],0
1672,69.163.240.129,6,46.0,46.0,[46],0
1673,69.163.37.88,7,53.0,53.0,[53],0
1674,69.164.207.189,6,47.0,47.0,[47],0
1675,69.164.213.54,6,49.0,49.0,[49],0
1676,69.164.217.134,6,49.0,49.0,[49],0
1677,69.164.220.241,5,49.0,49.0,[49],0
1678,69.165.98.17,6,51.0,51.0,[51],0
1679,69.165.98.20,7,50.0,50.0,[50],0
1680,69.165.98.22,6,51.0,51.0,[51],0
1681,69.167.132.213,5,48.0,48.0,[48],0
1682,69.167.133.68,6,47.0,47.0,[47],0
1683,69.167.150.201,13,47.0,47.0,[47],0
1684,69.167.158.85,6,48.0,48.0,[48],0
1685,69.167.166.170,6,48.0,48.0,[48],0
1686,69.167.182.255,13,47.0,47.0,[47],0
1687,69.167.190.12,6,47.0,47.0,[47],0
1688,69.169.94.20,6,48.0,48.0,[48],0
1689,69.169.94.98,5,48.0,48.0,[48],0
1690,69.174.246.134,5,47.0,47.0,[47],0
1691,69.175.10.234,5,50.0,50.0,[50],0
1692,69.194.133.130,7,50.0,50.0,[50],0
1693,69.194.232.3,6,52.0,52.0,[52],0
1694,69.194.234.51,6,52.0,52.0,[52],0
1695,69.31.186.186,6,50.0,50.0,[50],0
1696,69.36.177.66,6,49.0,49.0,[49],0
1697,69.36.179.123,8,49.0,49.0,[49],0
1698,69.36.190.34,6,49.0,49.0,[49],0
1699,69.4.79.11,12,47.5,47.5,[47 48],1
1700,69.41.179.146,5,50.0,50.0,[50],0
1701,69.42.83.173,6,47.0,47.0,[47],0
1702,69.42.83.56,6,49.0,49.0,[49],0
1703,69.43.154.198,6,49.0,49.0,[49],0
1704,69.5.78.23,7,50.0,50.0,[50],0
1705,69.50.131.144,6,51.0,51.0,[51],0
1706,69.51.81.178,6,50.0,50.0,[50],0
1707,69.61.23.114,11,50.0,50.0,[50],0
1708,69.64.39.244,6,47.0,47.0,[47],0
1709,69.64.43.216,6,47.0,47.0,[47],0
1710,69.65.42.33,6,50.0,50.0,[50],0
1711,69.70.236.222,6,110.0,110.0,[110],0
1712,69.73.156.100,6,44.0,44.0,[44],0
1713,69.73.186.12,6,44.0,44.0,[44],0
1714,69.90.6.130,5,114.0,114.0,[114],0
1715,69.90.67.7,6,50.0,50.0,[50],0
1716,69.90.89.227,6,49.0,49.0,[49],0
1717,69.94.22.58,7,48.0,48.0,[48],0
1718,70.158.108.75,13,45.0,45.0,[45],0
1719,70.248.155.2,6,111.0,111.0,[111],0
1720,70.32.100.78,5,41.0,41.0,[41],0
1721,70.32.101.34,6,41.0,41.0,[41],0
1722,70.32.103.53,6,41.0,41.0,[41],0
1723,70.32.104.243,6,42.0,42.0,[42],0
1724,70.32.105.172,5,41.0,41.0,[41],0
1725,70.32.105.28,5,41.0,41.0,[41],0
1726,70.32.105.90,5,42.0,42.0,[42],0
1727,70.32.109.226,6,41.0,41.0,[41],0
1728,70.32.110.193,10,41.0,41.0,[41],0
1729,70.32.73.221,6,41.0,41.0,[41],0
1730,70.32.73.90,6,42.0,42.0,[42],0
1731,70.32.74.57,8,41.0,41.0,[41],0
1732,70.32.75.137,9,42.0,42.0,[42],0
1733,70.32.75.142,6,41.0,41.0,[41],0
1734,70.32.77.134,8,41.0,41.0,[41],0
1735,70.32.78.108,6,42.0,42.0,[42],0
1736,70.32.78.56,6,41.0,41.0,[41],0
1737,70.32.79.126,6,41.0,41.0,[41],0
1738,70.32.79.176,6,41.0,41.0,[41],0
1739,70.32.79.222,5,41.0,41.0,[41],0
1740,70.32.81.23,6,42.0,42.0,[42],0
1741,70.32.82.109,6,42.0,42.0,[42],0
1742,70.32.82.162,6,43.0,43.0,[43],0
1743,70.32.84.86,6,42.0,42.0,[42],0
1744,70.32.86.128,6,42.0,42.0,[42],0
1745,70.32.87.66,5,42.0,42.0,[42],0
1746,70.32.88.111,5,42.0,42.0,[42],0
1747,70.32.97.150,5,42.0,42.0,[42],0
1748,70.32.99.147,8,42.0,42.0,[42],0
1749,70.32.99.61,6,41.0,41.0,[41],0
1750,70.38.37.69,9,47.0,47.0,[47],0
1751,70.39.251.140,6,48.0,48.0,[48],0
1752,70.42.35.151,6,50.0,50.0,[50],0
1753,70.86.1.114,5,47.0,47.0,[47],0
1754,70.86.139.2,6,48.0,48.0,[48],0
1755,70.86.7.106,6,112.0,112.0,[112],0
1756,70.88.194.68,7,46.0,46.0,[46],0
1757,71.160.108.96,6,43.0,43.0,[43],0
1758,71.46.208.32,6,50.0,50.0,[50],0
1759,71.5.106.103,6,49.0,49.0,[49],0
1760,71.5.106.104,9,49.0,49.0,[49],0
1761,71.6.197.6,6,49.0,49.0,[49],0
1762,72.1.242.101,7,49.0,49.0,[49],0
1763,72.10.32.115,6,41.0,41.0,[41],0
1764,72.10.33.224,6,42.0,42.0,[42],0
1765,72.10.35.202,6,42.0,42.0,[42],0
1766,72.10.36.43,6,41.0,41.0,[41],0
1767,72.10.48.72,6,42.0,42.0,[42],0
1768,72.10.50.76,6,43.0,43.0,[43],0
1769,72.10.51.108,6,42.0,42.0,[42],0
1770,72.10.51.160,6,42.0,42.0,[42],0
1771,72.10.52.219,5,43.0,43.0,[43],0
1772,72.10.54.89,6,42.0,42.0,[42],0
1773,72.10.55.142,9,42.0,42.0,[42],0
1774,72.10.55.65,5,43.0,43.0,[43],0
1775,72.12.81.222,7,44.0,44.0,[44],0
1776,72.167.159.10,13,49.0,49.0,[49],0
1777,72.167.159.14,6,49.0,49.0,[49],0
1778,72.167.232.142,6,48.0,48.0,[48],0
1779,72.167.232.163,12,48.0,48.0,[48],0
1780,72.167.232.232,18,48.0,48.0,[48],0
1781,72.249.104.97,6,50.0,50.0,[50],0
1782,72.249.28.124,6,47.0,47.0,[47],0
1783,72.249.74.231,6,52.0,52.0,[52],0
1784,72.249.77.141,6,50.0,50.0,[50],0
1785,72.29.127.6,7,46.0,46.0,[46],0
1786,72.29.127.9,6,46.0,46.0,[46],0
1787,72.29.70.107,5,51.0,51.0,[51],0
1788,72.3.131.147,6,48.0,48.0,[48],0
1789,72.3.227.213,7,44.0,44.0,[44],0
1790,72.32.11.36,6,48.0,48.0,[48],0
1791,72.32.57.92,6,47.0,47.0,[47],0
1792,72.32.97.226,6,44.0,44.0,[44],0
1793,72.34.36.197,6,50.0,50.0,[50],0
1794,72.34.37.202,6,50.0,50.0,[50],0
1795,72.34.37.236,6,50.0,50.0,[50],0
1796,72.34.37.90,5,50.0,50.0,[50],0
1797,72.34.40.83,7,50.0,50.0,[50],0
1798,72.34.42.241,7,50.0,50.0,[50],0
1799,72.34.43.84,6,50.0,50.0,[50],0
1800,72.34.49.102,6,50.0,50.0,[50],0
1801,72.34.62.50,6,50.0,50.0,[50],0
1802,72.47.193.214,9,47.0,47.0,[47],0
1803,72.47.197.53,5,47.0,47.0,[47],0
1804,72.47.202.197,6,47.0,47.0,[47],0
1805,72.47.209.52,6,48.0,48.0,[48],0
1806,72.47.216.41,8,47.0,47.0,[47],0
1807,72.47.217.164,7,48.0,48.0,[48],0
1808,72.47.219.212,5,47.0,47.0,[47],0
1809,72.5.217.186,6,48.0,48.0,[48],0
1810,72.51.35.69,5,51.0,51.0,[51],0
1811,72.52.130.13,6,47.0,47.0,[47],0
1812,72.52.141.170,7,47.0,47.0,[47],0
1813,72.52.149.109,5,48.0,48.0,[48],0
1814,72.52.152.246,7,48.0,48.0,[48],0
1815,72.52.172.84,7,47.0,47.0,[47],0
1816,72.52.180.4,6,47.0,47.0,[47],0
1817,72.52.194.128,5,48.0,48.0,[48],0
1818,72.52.216.38,6,47.0,47.0,[47],0
1819,72.52.217.197,5,48.0,48.0,[48],0
1820,72.8.129.164,6,115.0,115.0,[115],0
1821,72.9.98.114,6,51.0,51.0,[51],0
1822,74.113.232.165,5,49.0,49.0,[49],0
1823,74.114.171.193,7,54.0,54.0,[54],0
1824,74.115.42.150,5,113.0,113.0,[113],0
1825,74.116.2.130,6,48.0,48.0,[48],0
1826,74.117.140.186,5,114.0,114.0,[114],0
1827,74.120.12.10,6,53.0,53.0,[53],0
1828,74.121.186.66,7,52.0,52.0,[52],0
1829,74.121.235.181,5,46.0,46.0,[46],0
1830,74.122.122.238,6,48.0,48.0,[48],0
1831,74.122.235.198,12,52.0,52.0,[52],0
1832,74.122.7.11,7,49.0,49.0,[49],0
1833,74.203.253.83,5,109.0,109.0,[109],0
1834,74.207.226.33,5,45.0,45.0,[45],0
1835,74.207.229.8,9,44.0,44.0,[44],0
1836,74.207.234.85,5,44.0,44.0,[44],0
1837,74.207.243.247,5,53.0,53.0,[53],0
1838,74.208.166.97,5,113.0,113.0,[113],0
1839,74.208.69.26,7,49.0,49.0,[49],0
1840,74.209.251.251,6,49.0,49.0,[49],0
1841,74.216.183.164,6,54.0,54.0,[54],0
1842,74.222.2.201,5,45.0,45.0,[45],0
1843,74.50.10.15,6,50.0,50.0,[50],0
1844,74.50.51.166,6,52.0,52.0,[52],0
1845,74.50.99.14,6,50.0,50.0,[50],0
1846,74.53.103.234,6,47.0,47.0,[47],0
1847,74.82.168.250,5,48.0,48.0,[48],0
1848,74.82.38.2,5,53.0,53.0,[53],0
1849,74.84.218.189,6,49.0,49.0,[49],0
1850,75.103.66.3,10,51.0,51.0,[51],0
1851,75.103.66.9,13,51.0,51.0,[51],0
1852,75.126.107.113,7,49.0,49.0,[49],0
1853,75.126.213.130,7,49.0,49.0,[49],0
1854,75.127.14.216,6,49.0,49.0,[49],0
1855,75.149.81.17,6,45.0,45.0,[45],0
1856,75.150.252.70,7,46.0,46.0,[46],0
1857,75.151.86.238,7,49.0,49.0,[49],0
1858,75.76.167.42,6,111.0,111.0,[111],0
1859,75.98.160.66,6,50.0,50.0,[50],0
1860,75.98.161.66,6,50.0,50.0,[50],0
1861,75.98.172.233,7,50.0,50.0,[50],0
1862,75.98.173.182,6,50.0,50.0,[50],0
1863,75.98.174.194,8,50.0,50.0,[50],0
1864,75.98.175.69,6,50.0,50.0,[50],0
1865,75.98.175.72,17,50.0,50.0,[50],0
1866,75.98.175.75,6,50.0,50.0,[50],0
1867,75.98.175.76,6,50.0,50.0,[50],0
1868,75.98.175.79,7,50.0,50.0,[50],0
1869,75.98.232.66,6,113.0,113.0,[113],0
1870,75.99.118.98,5,47.8,48.0,[47 48],1
1871,76.12.1.132,6,114.0,114.0,[114],0
1872,76.12.124.76,7,49.0,49.0,[49],0
1873,76.12.179.68,6,48.0,48.0,[48],0
1874,76.12.202.12,6,46.0,46.0,[46],0
1875,76.12.255.204,12,49.0,49.0,[49],0
1876,76.12.39.164,6,48.0,48.0,[48],0
1877,76.12.48.68,7,49.0,49.0,[49],0
1878,76.12.61.84,6,48.0,48.0,[48],0
1879,76.12.9.132,5,113.0,113.0,[113],0
1880,76.74.228.100,6,52.0,52.0,[52],0
1881,76.74.252.248,8,47.0,47.0,[47],0
1882,76.74.254.251,6,47.0,47.0,[47],0
1883,77.120.99.119,6,44.0,44.0,[44],0
1884,77.162.175.173,5,47.0,47.0,[47],0
1885,77.236.97.106,6,112.0,112.0,[112],0
1886,77.253.234.23,7,45.0,45.0,[45],0
1887,77.36.17.68,6,46.0,46.0,[46],0
1888,77.53.0.100,7,46.0,46.0,[46],0
1889,77.68.54.144,6,46.0,46.0,[46],0
1890,77.73.101.25,6,46.0,46.0,[46],0
1891,77.75.254.74,6,45.0,45.0,[45],0
1892,77.81.165.41,5,43.0,43.0,[43],0
1893,77.81.242.158,6,47.0,47.0,[47],0
1894,77.91.201.30,6,50.0,50.0,[50],0
1895,77.92.144.3,5,45.0,45.0,[45],0
1896,78.108.82.78,6,49.0,49.0,[49],0
1897,78.108.95.225,6,50.0,50.0,[50],0
1898,78.129.207.63,5,46.0,46.0,[46],0
1899,78.136.62.20,6,47.0,47.0,[47],0
1900,78.137.117.79,6,51.0,51.0,[51],0
1901,78.153.209.174,7,52.0,52.0,[52],0
1902,78.24.220.199,6,46.0,46.0,[46],0
1903,78.31.70.115,5,107.0,107.0,[107],0
1904,78.35.8.116,5,112.0,112.0,[112],0
1905,78.46.110.45,5,45.0,45.0,[45],0
1906,78.46.194.172,6,45.0,45.0,[45],0
1907,78.46.49.13,5,109.0,109.0,[109],0
1908,78.69.31.182,7,49.0,49.0,[49],0
1909,79.124.76.50,6,47.0,47.0,[47],0
1910,79.135.6.50,6,46.0,46.0,[46],0
1911,79.140.160.85,6,44.0,44.0,[44],0
1912,79.172.252.68,6,42.0,42.0,[42],0
1913,79.96.58.73,5,52.0,52.0,[52],0
1914,79.99.6.251,7,48.0,48.0,[48],0
1915,8.29.134.162,13,51.0,51.0,[51],0
1916,8.3.48.16,7,51.0,51.0,[51],0
1917,8.6.221.202,6,51.0,51.0,[51],0
1918,80.153.216.193,8,46.0,46.0,[46],0
1919,80.175.27.202,14,49.0,49.0,[49],0
1920,80.179.145.228,8,49.0,49.0,[49],0
1921,80.244.168.25,6,51.0,51.0,[51],0
1922,80.248.225.37,96,47.864583333333336,48.0,[47 48],1
1923,80.70.5.20,5,50.0,50.0,[50],0
1924,80.83.190.101,5,48.0,48.0,[48],0
1925,80.86.91.223,5,47.0,47.0,[47],0
1926,80.91.191.169,6,50.0,50.0,[50],0
1927,81.149.128.54,10,141.3,103.0,[102 103 231],129
1928,81.169.151.68,6,48.0,48.0,[48],0
1929,81.169.248.8,5,48.0,48.0,[48],0
1930,81.170.156.10,6,46.0,46.0,[46],0
1931,81.177.3.77,7,46.0,46.0,[46],0
1932,81.20.150.130,6,48.0,48.0,[48],0
1933,81.21.114.52,6,43.0,43.0,[43],0
1934,81.22.13.86,6,48.0,48.0,[48],0
1935,81.29.76.82,7,49.0,49.0,[49],0
1936,81.4.126.38,6,46.0,46.0,[46],0
1937,82.100.197.184,7,48.0,48.0,[48],0
1938,82.146.48.161,7,48.0,48.0,[48],0
1939,82.146.49.204,7,48.0,48.0,[48],0
1940,82.146.53.95,8,46.0,46.0,[46],0
1941,82.165.137.83,6,47.0,47.0,[47],0
1942,82.165.195.38,5,111.0,111.0,[111],0
1943,82.192.71.2,5,47.0,47.0,[47],0
1944,82.194.90.113,6,44.0,44.0,[44],0
1945,82.196.13.114,6,50.0,50.0,[50],0
1946,82.210.30.197,5,46.0,46.0,[46],0
1947,82.211.20.237,5,52.0,52.0,[52],0
1948,82.223.136.135,9,43.0,43.0,[43],0
1949,82.223.248.97,8,43.0,43.0,[43],0
1950,82.241.89.12,7,44.0,44.0,[44],0
1951,83.141.34.215,6,46.0,46.0,[46],0
1952,83.143.81.138,6,44.0,44.0,[44],0
1953,83.168.192.119,6,46.0,46.0,[46],0
1954,83.168.194.251,6,46.0,46.0,[46],0
1955,83.168.230.112,22,45.0,45.0,[45],0
1956,83.169.37.19,6,49.0,49.0,[49],0
1957,83.170.79.102,6,46.0,46.0,[46],0
1958,83.170.85.10,6,47.0,47.0,[47],0
1959,83.172.129.64,8,46.0,46.0,[46],0
1960,83.173.74.22,6,49.0,49.0,[49],0
1961,83.175.161.8,6,52.0,52.0,[52],0
1962,84.20.17.226,6,48.0,48.0,[48],0
1963,84.200.16.236,18,52.0,52.0,[52],0
1964,84.200.2.92,8,52.0,52.0,[52],0
1965,84.200.248.98,6,52.0,52.0,[52],0
1966,84.200.84.205,5,52.0,52.0,[52],0
1967,84.201.70.76,6,46.0,46.0,[46],0
1968,84.246.89.56,5,110.0,110.0,[110],0
1969,84.39.96.205,6,47.0,47.0,[47],0
1970,85.10.213.109,7,44.0,44.0,[44],0
1971,85.114.132.137,7,41.0,41.0,[41],0
1972,85.118.59.227,6,46.0,46.0,[46],0
1973,85.133.4.213,5,115.0,115.0,[115],0
1974,85.17.236.79,6,46.0,46.0,[46],0
1975,85.17.249.150,6,47.0,47.0,[47],0
1976,85.214.106.212,6,48.0,48.0,[48],0
1977,85.214.121.40,7,48.0,48.0,[48],0
1978,85.214.225.188,6,48.0,48.0,[48],0
1979,85.214.73.191,6,48.0,48.0,[48],0
1980,85.252.202.57,7,45.0,45.0,[45],0
1981,86.107.43.2,6,47.0,47.0,[47],0
1982,86.107.43.33,5,47.0,47.0,[47],0
1983,86.107.43.45,6,46.0,46.0,[46],0
1984,86.107.43.50,8,46.0,46.0,[46],0
1985,86.111.241.25,5,42.0,42.0,[42],0
1986,86.124.73.227,5,45.0,45.0,[45],0
1987,87.106.139.231,6,47.0,47.0,[47],0
1988,87.106.213.63,7,47.0,47.0,[47],0
1989,87.106.27.168,6,47.0,47.0,[47],0
1990,87.106.91.137,9,47.0,47.0,[47],0
1991,87.117.196.46,6,46.0,46.0,[46],0
1992,87.121.165.7,5,46.0,46.0,[46],0
1993,87.230.10.57,7,48.0,48.0,[48],0
1994,88.150.232.122,7,45.0,45.0,[45],0
1995,88.151.100.53,6,48.0,48.0,[48],0
1996,88.177.45.97,5,43.0,43.0,[43],0
1997,88.198.1.109,5,45.0,45.0,[45],0
1998,88.198.35.134,7,45.0,45.0,[45],0
1999,88.198.44.76,5,45.0,45.0,[45],0
2000,88.208.221.117,6,45.0,45.0,[45],0
2001,88.214.193.127,13,51.46153846153846,51.0,[51 52],1
2002,88.217.254.160,6,47.0,47.0,[47],0
2003,88.87.214.166,6,40.0,40.0,[40],0
2004,89.150.17.44,6,46.0,46.0,[46],0
2005,89.16.175.33,7,48.0,48.0,[48],0
2006,89.161.210.161,6,52.0,52.0,[52],0
2007,89.161.252.214,5,52.0,52.0,[52],0
2008,89.185.228.111,6,47.0,47.0,[47],0
2009,89.185.228.22,6,47.0,47.0,[47],0
2010,89.185.228.236,5,47.0,47.0,[47],0
2011,89.185.228.9,7,47.0,47.0,[47],0
2012,89.185.229.152,6,47.0,47.0,[47],0
2013,89.238.73.17,7,51.0,51.0,[51],0
2014,89.248.103.140,5,112.0,112.0,[112],0
2015,89.28.203.50,6,47.0,47.0,[47],0
2016,89.32.147.252,7,48.0,48.0,[48],0
2017,89.36.151.167,6,44.0,44.0,[44],0
2018,89.40.195.100,6,45.0,45.0,[45],0
2019,89.41.60.186,6,46.0,46.0,[46],0
2020,89.43.202.2,9,44.0,44.0,[44],0
2021,89.97.40.148,5,107.0,107.0,[107],0
2022,90.231.138.16,7,48.0,48.0,[48],0
2023,91.109.4.222,6,48.0,48.0,[48],0
2024,91.142.186.29,7,48.0,48.0,[48],0
2025,91.142.210.189,7,50.0,50.0,[50],0
2026,91.184.20.195,6,46.0,46.0,[46],0
2027,91.184.26.97,6,46.0,46.0,[46],0
2028,91.189.178.154,6,45.0,45.0,[45],0
2029,91.195.253.136,5,46.0,46.0,[46],0
2030,91.199.151.107,6,46.0,46.0,[46],0
2031,91.200.49.52,6,49.0,49.0,[49],0
2032,91.201.60.51,6,49.0,49.0,[49],0
2033,91.201.77.1,6,45.0,45.0,[45],0
2034,91.203.146.86,6,47.0,47.0,[47],0
2035,91.206.118.7,6,46.0,46.0,[46],0
2036,91.208.12.207,6,52.0,52.0,[52],0
2037,91.211.114.101,6,45.0,45.0,[45],0
2038,91.215.184.16,6,43.0,43.0,[43],0
2039,91.217.90.10,5,47.0,47.0,[47],0
2040,91.220.160.75,6,48.0,48.0,[48],0
2041,91.229.3.129,6,43.0,43.0,[43],0
2042,91.230.193.170,7,47.0,47.0,[47],0
2043,91.236.147.211,7,46.0,46.0,[46],0
2044,91.238.132.44,6,45.0,45.0,[45],0
2045,91.239.216.148,6,47.0,47.0,[47],0
2046,91.241.61.112,5,47.0,47.0,[47],0
2047,91.250.96.203,6,48.0,48.0,[48],0
2048,91.98.96.206,5,102.2,102.0,[102 103],1
2049,92.103.139.165,8,48.0,48.0,[48],0
2050,92.114.98.184,6,46.0,46.0,[46],0
2051,92.118.199.24,8,100.375,108.0,[108 109  45],64
2052,92.243.13.187,6,48.0,48.0,[48],0
2053,92.243.13.90,6,47.0,47.0,[47],0
2054,92.243.24.254,5,47.0,47.0,[47],0
2055,92.38.227.5,6,48.0,48.0,[48],0
2056,92.42.8.27,6,49.0,49.0,[49],0
2057,92.53.98.118,6,50.0,50.0,[50],0
2058,92.60.118.178,5,111.0,111.0,[111],0
2059,92.61.155.100,7,42.0,42.0,[42],0
2060,92.66.168.122,6,47.0,47.0,[47],0
2061,93.114.45.98,6,43.0,43.0,[43],0
2062,93.115.113.122,6,44.0,44.0,[44],0
2063,93.115.87.245,5,43.0,43.0,[43],0
2064,93.170.27.76,6,45.0,45.0,[45],0
2065,93.170.77.64,6,45.0,45.0,[45],0
2066,93.178.106.8,9,47.0,47.0,[47],0
2067,93.187.205.58,5,41.0,41.0,[41],0
2068,93.187.207.57,11,41.0,41.0,[41],0
2069,93.95.216.9,6,47.0,47.0,[47],0
2070,93.95.225.134,5,50.0,50.0,[50],0
2071,94.102.151.180,5,108.0,108.0,[108],0
2072,94.102.208.178,9,50.0,50.0,[50],0
2073,94.138.210.34,6,42.0,42.0,[42],0
2074,94.185.66.35,6,110.0,110.0,[110],0
2075,94.199.241.124,9,49.0,49.0,[49],0
2076,94.229.169.25,6,51.0,51.0,[51],0
2077,94.247.169.14,9,48.0,48.0,[48],0
2078,94.73.146.60,5,42.0,42.0,[42],0
2079,94.73.146.70,5,45.0,45.0,[45],0
2080,94.73.148.60,8,42.0,42.0,[42],0
2081,94.73.151.179,6,41.0,41.0,[41],0
2082,94.94.22.140,7,42.0,42.0,[42],0
2083,95.0.23.5,6,43.0,43.0,[43],0
2084,95.110.170.109,5,50.0,50.0,[50],0
2085,95.110.191.54,6,50.0,50.0,[50],0
2086,95.110.206.175,6,49.0,49.0,[49],0
2087,95.110.209.206,7,49.0,49.0,[49],0
2088,95.128.128.74,6,51.0,51.0,[51],0
2089,95.130.170.105,5,44.0,44.0,[44],0
2090,95.138.161.148,7,47.0,47.0,[47],0
2091,95.138.185.28,5,111.0,111.0,[111],0
2092,95.140.33.84,6,44.0,44.0,[44],0
2093,95.140.34.2,5,44.0,44.0,[44],0
2094,95.142.161.34,6,47.0,47.0,[47],0
2095,95.174.23.106,6,45.0,45.0,[45],0
2096,95.175.32.65,6,51.0,51.0,[51],0
2097,95.211.134.117,6,112.0,112.0,[112],0
2098,95.211.144.96,5,48.0,48.0,[48],0
2099,95.31.214.40,5,44.0,44.0,[44],0
2100,95.85.48.32,6,47.0,47.0,[47],0
2101,96.126.121.194,6,46.0,46.0,[46],0
2102,96.127.176.234,7,50.0,50.0,[50],0
2103,96.30.17.172,6,50.0,50.0,[50],0
2104,96.30.36.216,6,49.0,49.0,[49],0
2105,96.30.37.184,6,50.0,50.0,[50],0
2106,96.30.43.132,6,50.0,50.0,[50],0
2107,96.30.7.4,6,50.0,50.0,[50],0
2108,96.31.27.112,6,43.0,43.0,[43],0
2109,96.31.33.35,5,108.0,108.0,[108],0
2110,96.31.82.66,6,50.0,50.0,[50],0
2111,96.8.125.139,8,48.0,48.0,[48],0
2112,97.65.72.119,6,114.0,114.0,[114],0
2113,97.74.144.199,6,48.0,48.0,[48],0
2114,97.74.144.201,6,48.0,48.0,[48],0
2115,97.74.144.204,6,48.0,48.0,[48],0
2116,97.74.144.205,6,48.0,48.0,[48],0
2117,97.74.144.208,6,48.0,48.0,[48],0
2118,97.74.144.210,6,48.0,48.0,[48],0
2119,97.74.144.228,6,48.0,48.0,[48],0
2120,97.74.215.134,7,48.0,48.0,[48],0
2121,97.74.215.135,6,48.0,48.0,[48],0
2122,97.74.215.176,12,48.0,48.0,[48],0
2123,97.74.215.177,9,48.0,48.0,[48],0
2124,97.74.215.179,13,48.0,48.0,[48],0
2125,97.74.215.206,6,48.0,48.0,[48],0
2126,97.74.215.208,12,48.0,48.0,[48],0
2127,97.74.215.209,6,48.0,48.0,[48],0
2128,97.74.215.210,12,48.0,48.0,[48],0
2129,97.74.215.65,7,48.0,48.0,[48],0
2130,97.74.215.75,5,112.0,112.0,[112],0
2131,97.74.215.99,5,112.0,112.0,[112],0
2132,97.74.24.103,12,49.0,49.0,[49],0
2133,97.74.24.105,13,49.0,49.0,[49],0
2134,97.74.24.110,32,49.0,49.0,[49],0
2135,97.74.24.115,6,49.0,49.0,[49],0
2136,97.74.24.116,6,49.0,49.0,[49],0
2137,97.74.24.119,8,49.0,49.0,[49],0
2138,97.74.24.135,15,49.0,49.0,[49],0
2139,97.74.24.170,6,49.0,49.0,[49],0
2140,97.74.24.187,12,49.0,49.0,[49],0
2141,97.74.24.200,12,49.0,49.0,[49],0
2142,97.74.24.208,24,49.0,49.0,[49],0
2143,97.74.24.212,6,49.0,49.0,[49],0
2144,97.74.24.216,6,49.0,49.0,[49],0
2145,97.74.24.219,6,49.0,49.0,[49],0
2146,97.74.24.223,6,49.0,49.0,[49],0
2147,97.74.24.224,6,49.0,49.0,[49],0
2148,97.74.24.37,6,49.0,49.0,[49],0
2149,97.74.24.43,15,49.0,49.0,[49],0
2150,97.74.24.88,12,49.0,49.0,[49],0
2151,97.74.24.94,6,49.0,49.0,[49],0
2152,97.74.24.99,6,49.0,49.0,[49],0
2153,97.77.88.170,6,47.0,47.0,[47],0
2154,97.79.236.132,7,47.0,47.0,[47],0
2155,98.143.112.201,5,115.0,115.0,[115],0
2156,98.143.159.146,7,52.0,52.0,[52],0
2157,98.158.181.28,6,48.0,48.0,[48],0
2158,98.158.190.59,6,50.0,50.0,[50],0
2159,98.158.192.25,6,50.0,50.0,[50],0
2160,98.179.146.98,7,47.0,47.0,[47],0
2161,99.198.99.58,7,50.0,50.0,[50],0
